Workbook

Sheet 00_Leeme
A1: Laboratorio: Mundiales 2018, 2022 y 2026
A2: Preparación de datos con Excel y Python; transición al análisis supervisado. Se utiliza exclusivamente la fase de grupos para mantener comparable la etapa deportiva.
A5: Ruta de trabajo
A6: Paso | B6: Actividad | C6: Qué debe ocurrir | D6: Herramienta
A7: 1 | B7: Perfilar | C7: Revisar estructura, tipos, vacíos, valores extraños y duplicados. | D7: Excel
A8: 2 | B8: Definir reglas | C8: Documentar qué se corregirá y con qué evidencia. | D8: Bitácora
A9: 3 | B9: Limpiar | C9: Normalizar columnas, equipos, fechas, grupos, goles y booleanos. | D9: Excel / Python
A10: 4 | B10: Validar | C10: Comprobar conteos, unicidad, rangos y consistencia. | D10: Pruebas
A11: 5 | B11: Comparar | C11: Usar tasas y promedios; no solo totales. | D11: Excel
A12: 6 | B12: Modelar | C12: Construir variables conocidas antes del partido. | D12: Python
A13: 7 | B13: Evaluar | C13: Comparar árbol, línea base y experimento con fuga. | D13: Python
A16: Resultados de control después de limpiar
A17: Mundial | B17: Partidos | C17: Goles | D17: Goles/partido | E17: Empates | F17: Cobertura
A18: 2018 | B18: 48 | C18: 122 | D18: 2.5417 | E18: 9 | F18: 32 equipos / 8 grupos
A19: 2022 | B19: 48 | C19: 120 | D19: 2.5 | E19: 10 | F19: 32 equipos / 8 grupos
A20: 2026 | B20: 72 | C20: 215 | D20: 2.9861 | E20: 20 | F20: 48 equipos / 12 grupos
A23: Advertencia: los datos sucios contienen errores deliberados. No elimines registros ni imputes valores sin justificar la decisión. El objetivo no es únicamente obtener una tabla limpia, sino construir un proceso reproducible y explicar por qué cada transformación es necesaria.

Sheet 01_Diccionario
A1: Diccionario de la base integrada
A2: Campos mínimos esperados después de unificar los tres archivos.
A5: Campo | B5: Tipo esperado | C5: Descripción | D5: Ejemplo | E5: Derivado
A6: partido_id | B6: Texto | C6: Identificador único del encuentro. | D6: M-2018-001 | E6: No
A7: mundial | B7: Entero | C7: Año del torneo. | D7: 2018 | E7: No
A8: fase | B8: Categoría | C8: Etapa del torneo; en el kit siempre será Fase de grupos. | D8: Fase de grupos | E8: No
A9: grupo | B9: Categoría | C9: Grupo A-L. | D9: A | E9: No
A10: jornada | B10: Entero | C10: Jornada 1, 2 o 3. | D10: 1 | E10: No
A11: fecha | B11: Fecha | C11: Fecha real del partido. | D11: 2018-06-14 | E11: No
A12: equipo_local | B12: Texto | C12: Nombre canónico del equipo local. | D12: Russia | E12: No
A13: equipo_visitante | B13: Texto | C13: Nombre canónico del equipo visitante. | D13: Saudi Arabia | E13: No
A14: goles_local | B14: Entero | C14: Goles del equipo local; debe ser mayor o igual que cero. | D14: 5 | E14: No
A15: goles_visitante | B15: Entero | C15: Goles del visitante; debe ser mayor o igual que cero. | D15: 0 | E15: No
A16: marcador | B16: Derivado | C16: Texto goles_local-goles_visitante. | D16: 5-0 | E16: Sí
A17: resultado_local | B17: Derivado | C17: Gana, Empata o Pierde desde la perspectiva local. | D17: Gana | E17: Sí
A18: local_es_anfitrion | B18: Booleano | C18: Indica si el local pertenece a un país anfitrión. | D18: =TRUE() -> TRUE | E18: No
A19: visitante_es_anfitrion | B19: Booleano | C19: Indica si el visitante pertenece a un país anfitrión. | D19: =FALSE() -> FALSE | E19: No
A20: goles_totales | B20: Derivado | C20: Suma de los goles del partido. | D20: 5 | E20: Sí
A21: diferencia_goles | B21: Derivado | C21: Goles local menos goles visitante. | D21: 5 | E21: Sí
A22: puntos_local | B22: Derivado | C22: 3 por victoria, 1 por empate y 0 por derrota. | D22: 3 | E22: Sí
A23: puntos_visitante | B23: Derivado | C23: 3 por victoria, 1 por empate y 0 por derrota. | D23: 0 | E23: Sí
A24: fuente | B24: URL | C24: Origen del dato limpio. | D24: https://... | E24: No

Sheet 02_Catalogo_Equipos
A1: Catálogo de equipos
A2: Utiliza la variante para buscar y devolver el nombre canónico. Conserva los acentos en el nombre que se mostrará.
A5: Variante | B5: Nombre canónico | C5: Código | D5: Observación del equipo
A6: Algeria | B6: Algeria | C6: DZA
A7: Argentina | B7: Argentina | C7: ARG
A8: Australia | B8: Australia | C8: AUS
A9: Austria | B9: Austria | C9: AUT
A10: Belgium | B10: Belgium | C10: BEL
A11: Bosnia | B11: Bosnia and Herzegovina | C11: BIH
A12: Bosnia & Herzegovina | B12: Bosnia and Herzegovina | C12: BIH
A13: Bosnia and Herzegovina | B13: Bosnia and Herzegovina | C13: BIH
A14: Bosnia-Herzegovina | B14: Bosnia and Herzegovina | C14: BIH
A15: Brasil | B15: Brazil | C15: BRA
A16: Brazil | B16: Brazil | C16: BRA
A17: Cameroon | B17: Cameroon | C17: CMR
... A54: Japan | B54: Japan | C54: JPN
A55: Jordan | B55: Jordan
A56: Mexico | B56: Mexico | C56: MEX
A57: México | B57: Mexico | C57: MEX
A58: Morocco | B58: Morocco | C58: MAR
A59: Holland | B59: Netherlands | C59: NLD
A60: Netherlands | B60: Netherlands | C60: NLD
A61: The Netherlands | B61: Netherlands | C61: NLD
A62: New Zealand | B62: New Zealand | C62: NZL
A63: New-Zealand | B63: New Zealand | C63: NZL
A64: Nigeria | B64: Nigeria | C64: NGA
A65: Norway | B65: Norway | C65: NOR
A66: Panama | B66: Panama | C66: PAN
A67: Paraguay | B67: Paraguay | C67: PRY
... A98: Uruguay | B98: Uruguay | C98: URY
A99: Uzbekistan | B99: Uzbekistan
A100: Wales | B100: Wales | C100: WAL

Sheet 03_Sucio_2018
A1: 03 Sucio 2018
A2: Datos deliberadamente alterados: revisa formatos, nulos, conflictos y duplicados.
A5: ID Partido | B5: Año | C5: Fase | D5: Grupo | E5: Jornada | F5: Fecha | G5: Hora | H5: Equipo Local | I5: Equipo Visitante | J5: Goles Local | K5: Goles Visitante | L5: Marcador | M5: Anfitrión Local | N5: Estadio | O5: Ciudad | P5: Fuente
A6: M-2018-01 | B6: 2018 | C6: Fase de grupos | D6: Grupo A | E6: 1 | F6: 2018-06-14 | G6: 18:00 | H6: russia | I6: KSA | J6: 5 goles | L6: 5-0 | M6: Sí | N6: Luzhniki Stadium | O6: Moscow | P6: https://github.com/jfjelstul/worldcup
A7: M-2018-02 | B7: 2018 | C7: GROUP STAGE | D7: A | E7: 1 | F7: 15/06/2018 | G7: 17:00 | H7: Egypt | I7: Uruguay | J7: 0 | K7: 1 | L7: 0–1 | M7: 0 | N7: Central Stadium | O7: Yekaterinburg | P7: https://github.com/jfjelstul/worldcup
A8: M-2018-03 | B8: 2018 | C8: grupos | D8: group-b | E8: 1 | F8: 06/15/2018 | G8: 18:00 | H8: Morocco | I8: Iran, I.R. | J8: 0 | K8: 1 | L8: 0 : 1 | M8: FALSE | N8: Krestovsky Stadium | O8: Saint Petersburg | P8: https://github.com/jfjelstul/worldcup
A9: M-2018-04 | B9: 2018 | C9: 1ra fase | D9: Grupo B | E9: 1 | F9: 15-06-18 | G9: 21:00 | H9: Portugal | I9: España | J9: 3 | K9: 3 | L9: 3 x 3 | M9: no | N9: Fisht Olympic Stadium | O9: Sochi | P9: https://github.com/jfjelstul/worldcup
A10: M-2018-05 | B10: 2018 | C10: Fase de grupos | D10: C | E10: 1 | F10: Jun 16, 2018 | G10: 13:00 | H10: France | I10: Australia | J10: 2 | K10: 1 | L10: 2—1 | M10: No | N10: Kazan Arena | O10: Kazan | P10: https://github.com/jfjelstul/worldcup
A11: M-2018-06 | B11: 2018 | C11: GROUP STAGE | D11: group-d | E11: 1 | F11: 2018-06-16 | G11: 16:00 | H11: Argentina | I11: Iceland | J11: 1 | K11: 1 | L11: 1-1 | M11: 0 | N11: Otkritie Arena | O11: Moscow | P11: https://github.com/jfjelstul/worldcup
A12: M-2018-07 | B12: 2018 | C12: grupos | D12: Grupo C | E12: 1 | F12: 16/06/2018 | G12: 19:00 | H12: Peru | I12: Denmark | J12: 0 | K12: 1 | L12: 0–1 | M12: FALSE | N12: Mordovia Arena | O12: Saransk | P12: https://github.com/jfjelstul/worldcup
A13: M-2018-08 | B13: 2018 | C13: 1ra fase | D13: D | E13: 1 | F13: 06/16/2018 | G13: 21:00 | H13: Croatia | I13: Nigeria | J13: 2 | K13: 0 | L13: 2 : 0 | M13: no | N13: Kaliningrad Stadium | O13: Kaliningrad | P13: https://github.com/jfjelstul/worldcup
A14: M-2018-09 | B14: 2018 | C14: Fase de grupos | D14: group-e | E14: 1 | F14: 17-06-18 | G14: 16:00 | H14: Costa Rica | I14: Serbia | J14: 0 | K14: 1 | L14: 0 x 1 | M14: No | N14: Samara Arena | O14: Samara | P14: https://github.com/jfjelstul/worldcup
A15: M-2018-10 | B15: 2018 | C15: GROUP STAGE | E15: 1 | F15: Jun 17, 2018 | G15: 18:00 | H15: Germany | I15: Mexico | J15: 0 | K15: 1 | L15: 0—1 | M15: 0 | N15: Luzhniki Stadium | O15: Moscow | P15: https://github.com/jfjelstul/worldcup
A16: M-2018-11 | B16: 2018 | C16: grupos | D16: E | E16: 1 | F16: 2018-06-17 | G16: 21:00 | H16: Brasil | I16: Switzerland | J16: 1 | K16: 1 | L16: 1-1 | M16: FALSE | N16: Rostov Arena | O16: Rostov-on-Don | P16: https://github.com/jfjelstul/worldcup
A17: M-2018-12 | B17: 2018 | C17: 1ra fase | D17: group-f | E17: 1 | F17: 18/06/2018 | G17: 15:00 | H17: Sweden | I17: Rep. of Korea | J17: 1 | K17: 0 | L17: 1–0 | M17: no | N17: Nizhny Novgorod Stadium | O17: Nizhny Novgorod | P17: https://github.com/jfjelstul/worldcup
A18: M-2018-13 | B18: 2018 | C18: Fase de grupos | D18: Grupo G | E18: 1 | F18: 06/18/2018 | G18: 18:00 | H18: Belgium | I18: Panama | J18: 3 | K18: 0 | L18: 3 : 0 | M18: No | N18: Fisht Olympic Stadium | O18: Sochi | P18: https://github.com/jfjelstul/worldcup
A19: M-2018-14 | B19: 2018 | C19: GROUP STAGE | D19: G | E19: 1 | F19: 18-06-18 | G19: 21:00 | H19: Tunisia | I19: England | J19: 1 goles | K19: 2 | L19: 1 x 2 | M19: 0 | N19: Volgograd Arena | O19: Volgograd | P19: https://github.com/jfjelstul/worldcup
A20: M-2018-15 | B20: 2018 | C20: grupos | D20: group-h | E20: 1 | F20: Jun 19, 2018 | G20: 15:00 | H20: Colombia | I20: JAPAN | J20: 1 | K20: 2 | L20: 1—2 | M20: FALSE | N20: Mordovia Arena | O20: Saransk | P20: https://github.com/jfjelstul/worldcup
A21: M-2018-16 | B21: 2018 | C21: 1ra fase | D21: Grupo H | E21: 1 | F21: 2018-06-19 | G21: 18:00 | H21: Poland | I21: Senegal | J21: 1 | K21: 2 | M21: no | N21: Otkritie Arena | O21: Moscow | P21: https://github.com/jfjelstul/worldcup
A22: M-2018-17 | B22: 2018 | C22: Fase de grupos | D22: A | E22: 2 | F22: 19/06/2018 | G22: 21:00 | H22: Russia | I22: Egypt | J22: 3 | K22: 1 | L22: 3–1 | M22: Sí | N22: Krestovsky Stadium | O22: Saint Petersburg | P22: https://github.com/jfjelstul/worldcup
A23: M-2018-18 | B23: 2018 | C23: GROUP STAGE | D23: group-b | E23: 2 | F23: 06/20/2018 | G23: 15:00 | H23: PORTUGAL | I23: Morocco | J23: 1 | K23: 0 | L23: 1 : 0 | M23: 0 | N23: Luzhniki Stadium | O23: Moscow | P23: https://github.com/jfjelstul/worldcup
A24: M-2018-19 | B24: 2018 | C24: grupos | D24: Grupo A | E24: 2 | F24: 20-06-18 | G24: 18:00 | H24: Uruguay | I24: KSA | J24: 1 | K24: 0 | L24: 1 x 0 | M24: FALSE | N24: Rostov Arena | O24: Rostov-on-Don | P24: https://github.com/jfjelstul/worldcup
A25: M-2018-20 | B25: 2018 | C25: 1ra fase | D25: B | E25: 2 | F25: Jun 20, 2018 | G25: 21:00 | H25: Iran | I25: España | J25: 0 | L25: 0—1 | M25: no | N25: Kazan Arena | O25: Kazan | P25: https://github.com/jfjelstul/worldcup
A26: M-2018-21 | B26: 2018 | C26: Fase de grupos | D26: group-c | E26: 2 | F26: 2018-06-21 | G26: 16:00 | H26: Denmark | I26: australia | J26: 1 | K26: 1 | L26: 1-1 | M26: No | N26: Samara Arena | O26: Samara | P26: https://github.com/jfjelstul/worldcup
A27: M-2018-22 | B27: 2018 | C27: GROUP STAGE | D27: Grupo C | E27: 2 | F27: 21/06/2018 | G27: 20:00 | H27: France | I27: Peru | J27: 1 | K27: 0 | L27: 1–0 | M27: 0 | N27: Central Stadium | O27: Yekaterinburg | P27: https://github.com/jfjelstul/worldcup
A28: M-2018-23 | B28: 2018 | C28: grupos | D28: D | E28: 2 | F28: 06/21/2018 | G28: 21:00 | H28: Argentina | I28: Croatia | J28: -1 | K28: 3 | L28: 0 : 3 | M28: FALSE | N28: Nizhny Novgorod Stadium | O28: Nizhny Novgorod | P28: https://github.com/jfjelstul/worldcup
A29: M-2018-24 | B29: 2018 | C29: 1ra fase | D29: group-e | E29: 2 | F29: 22-06-18 | G29: 15:00 | H29: brazil | I29: Costa Rica | J29: 2 | K29: 0 | L29: 2 x 0 | M29: no | N29: Krestovsky Stadium | O29: Saint Petersburg | P29: https://github.com/jfjelstul/worldcup
A30: M-2018-25 | B30: 2018 | C30: Fase de grupos | D30: Grupo D | E30: 2 | F30: Jun 22, 2018 | G30: 18:00 | H30: Nigeria | I30: Iceland | J30: 2 | K30: 0 | L30: 2—0 | M30: No | N30: Volgograd Arena | O30: Volgograd | P30: https://github.com/jfjelstul/worldcup
A31: M-2018-26 | B31: 2018 | C31: GROUP STAGE | D31: E | E31: 2 | F31: 2018-06-22 | G31: 20:00 | H31: Serbia | I31: Suisse | J31: 1 | K31: 2 | L31: 1-2 | M31: 0 | N31: Kaliningrad Stadium | O31: Kaliningrad | P31: https://github.com/jfjelstul/worldcup
A32: M-2018-27 | B32: 2018 | C32: grupos | D32: group-g | E32: 2 | F32: 23/06/2018 | G32: 15:00 | H32: Belgium | I32: Tunisia | J32: 5 goles | K32: 2 | L32: 5–2 | M32: FALSE | N32: Otkritie Arena | O32: Moscow | P32: https://github.com/jfjelstul/worldcup
A33: M-2018-28 | B33: 2018 | C33: 1ra fase | D33: Grupo F | E33: 2 | F33: 06/23/2018 | G33: 18:00 | H33: South Korea | I33: Mexico | J33: 1 | K33: 2 | L33: 1 : 2 | M33: no | N33: Rostov Arena | O33: Rostov-on-Don | P33: https://github.com/jfjelstul/worldcup
A34: M-2018-29 | B34: 2018 | C34: Fase de grupos | D34: F | E34: 2 | F34: 23-06-18 | G34: 21:00 | H34: Deutschland | I34: Sweden | J34: 2 | K34: 1 | L34: 2 x 1 | M34: No | N34: Fisht Olympic Stadium | O34: Sochi | P34: https://github.com/jfjelstul/worldcup
A35: M-2018-30 | B35: 2018 | C35: GROUP STAGE | D35: group-g | E35: 2 | F35: Jun 24, 2018 | G35: 15:00 | H35: England | I35: Panama | J35: 6 | K35: 1 | L35: 6—1 | M35: 0 | N35: Nizhny Novgorod Stadium | O35: Nizhny Novgorod | P35: https://github.com/jfjelstul/worldcup
A36: M-2018-31 | B36: 2018 | C36: grupos | D36: Grupo H | E36: 2 | F36: 2018-06-24 | G36: 20:00 | H36: Japan | I36: Senegal | J36: 2 | K36: 2 | L36: 2-2 | M36: FALSE | N36: Central Stadium | O36: Yekaterinburg | P36: https://github.com/jfjelstul/worldcup
A37: M-2018-32 | B37: 2018 | C37: 1ra fase | D37: s/d | E37: 2 | F37: 24/06/2018 | G37: 21:00 | H37: Poland | I37: COLOMBIA | J37: 0 | K37: 3 | L37: 0–3 | M37: no | N37: Kazan Arena | O37: Kazan | P37: https://github.com/jfjelstul/worldcup
... A43: M-2018-38 | B43: 2018 | C43: GROUP STAGE | D43: C | E43: 3 | F43: 06/26/2018 | G43: 17:00 | H43: Denmark | I43: France | J43: 0 | K43: 0 | L43: 0 : 0 | M43: 0 | N43: Luzhniki Stadium | O43: Moscow | P43: https://github.com/jfjelstul/worldcup
A44: M-2018-39 | B44: 2018 | C44: grupos | D44: group-d | E44: 3 | F44: 26-06-18 | G44: 21:00 | H44: Iceland | I44: Croatia | J44: 1 | L44: 1 x 2 | M44: FALSE | N44: Rostov Arena | O44: Rostov-on-Don | P44: https://github.com/jfjelstul/worldcup
A45: M-2018-40 | B45: 2018 | C45: 1ra fase | D45: Grupo D | E45: 3 | F45: Jun 26, 2018 | G45: 21:00 | H45: Nigeria | I45: Argentina | J45: 1 goles | K45: 2 | L45: 1—2 | M45: no | N45: Krestovsky Stadium | O45: Saint Petersburg | P45: https://github.com/jfjelstul/worldcup
A46: M-2018-41 | B46: 2018 | C46: Fase de grupos | D46: F | E46: 3 | F46: 2018-06-27 | G46: 17:00 | H46: Korea Rep. | I46: Germany | J46: 2 | K46: 0 | L46: 2-0 | M46: No | N46: Kazan Arena | O46: Kazan | P46: https://github.com/jfjelstul/worldcup
A47: M-2018-42 | B47: 2018 | C47: GROUP STAGE | D47: group-f | E47: 3 | F47: 27/06/2018 | G47: 19:00 | H47: México | I47: Sweden | J47: 0 | K47: 3 | L47: 0–3 | M47: 0 | N47: Central Stadium | O47: Yekaterinburg | P47: https://github.com/jfjelstul/worldcup
A48: M-2018-43 | B48: 2018 | C48: grupos | D48: Grupo E | E48: 3 | F48: 06/27/2018 | G48: 21:00 | H48: Serbia | I48: Brazil | J48: 0 | K48: 2 | L48: 0 : 2 | M48: FALSE | N48: Otkritie Arena | O48: Moscow | P48: https://github.com/jfjelstul/worldcup
A49: M-2018-44 | B49: 2018 | C49: 1ra fase | D49: E | E49: 3 | F49: 27-06-18 | G49: 21:00 | H49: Switzerland | I49: costa rica | J49: 2 | K49: 2 | L49: 2 x 2 | M49: no | N49: Nizhny Novgorod Stadium | O49: Nizhny Novgorod | P49: https://github.com/jfjelstul/worldcup
A50: M-2018-45 | B50: 2018 | C50: Fase de grupos | D50: group-h | E50: 3 | F50: Jun 28, 2018 | G50: 17:00 | H50: Japan | I50: Poland | J50: 0 | K50: 1 | L50: 0—1 | M50: No | N50: Volgograd Arena | O50: Volgograd | P50: https://github.com/jfjelstul/worldcup
A51: M-2018-46 | B51: 2018 | C51: GROUP STAGE | D51: Grupo H | E51: 3 | F51: 2018-06-28 | G51: 18:00 | H51: Senegal | I51: Colombia | J51: 0 | K51: 1 | L51: 0-1 | M51: 0 | N51: Samara Arena | O51: Samara | P51: https://github.com/jfjelstul/worldcup
A52: M-2018-47 | B52: 2018 | C52: grupos | D52: G | E52: 3 | F52: 28/06/2018 | G52: 20:00 | H52: england | I52: Belgium | J52: 0 | K52: 1 | L52: 0–1 | M52: FALSE | N52: Kaliningrad Stadium | O52: Kaliningrad | P52: https://github.com/jfjelstul/worldcup
A53: M-2018-48 | B53: 2018 | C53: 1ra fase | D53: group-g | E53: 3 | F53: 06/28/2018 | G53: 21:00 | H53: Panama | I53: Tunisia | J53: 1 | K53: 2 | L53: 1 : 2 | M53: no | N53: Mordovia Arena | O53: Saransk | P53: https://github.com/jfjelstul/worldcup
A54: M-2018-05 | B54: 2018 | C54: Fase de grupos | D54: C | E54: 1 | F54: Jun 16, 2018 | G54: 13:00 | H54: France | I54: Australia | J54: 2 | K54: 1 | L54: 2—1 | M54: No | N54: Kazan Arena | O54: Kazan | P54: https://github.com/jfjelstul/worldcup
A55: M-2018-18 | B55: 2018 | C55: GROUP STAGE | D55: group-b | E55: 2 | F55: 06/20/2018 | G55: 15:00 | H55: PORTUGAL | I55: Morocco | J55: 1 | K55: 0 | L55: 1 : 0 | M55: 0 | N55: Luzhniki Stadium | O55: Moscow | P55: https://github.com/jfjelstul/worldcup

Sheet 04_Sucio_2022
A1: 04 Sucio 2022
A2: El esquema y los nombres de columnas no son iguales a 2018.
A5: match_id | B5: WorldCup | C5: stage | D5: group_name | E5: match_day | F5: date | G5: local | H5: visitor | I5: home_score | J5: away_score | K5: score_text | L5: home_host | M5: venue | N5: city_name | O5: comentario | P5: source_url
A6: M-2022-01 | B6: 2022 | C6: group | D6: Group A | E6: 1 | F6: 2022-11-20 | G6: Qatar | H6: Ecuador | I6: N/A | J6: 2 | K6: 0 : 2 | L6: 1 | M6: Al Bayt Stadium | N6: Al Khor | O6: ok | P6: https://github.com/jfjelstul/worldcup
A7: M-2022-02 | B7: 2022 | C7: Group Stage | D7: B | E7: 1 | F7: 21/11/2022 | G7: England | H7: IR Iran | I7: 6 | J7: 2 | K7: 6 x 2 | L7: FALSE | M7: Khalifa International Stadium | N7: Al Rayyan | P7: https://github.com/jfjelstul/worldcup
A8: M-2022-03 | B8: 2022 | C8: Fase grupos | D8: Grupo A | E8: 1 | F8: 11/21/2022 | G8: Senegal | H8: Netherlands | I8: 0 | J8: 2 | K8: 0—2 | L8: no | M8: Al Thumama Stadium | N8: Doha | O8: revisar | P8: https://github.com/jfjelstul/worldcup
A9: M-2022-04 | B9: 2022 | C9: group | D9: B | E9: 1 | F9: 21-11-22 | G9: United States | H9: Wales | I9: 1 | J9: 1 | K9: 1-1 | L9: No | M9: Ahmad bin Ali Stadium | N9: Al Rayyan | O9: dato importado | P9: https://github.com/jfjelstul/worldcup
A10: M-2022-05 | B10: 2022 | C10: Group Stage | D10: Group C | E10: 1 | F10: Nov 22, 2022 | G10: Argentina | H10: KSA | I10: 1 | J10: 2 | K10: 1–2 | L10: 0 | M10: Lusail Stadium | N10: Lusail | O10: ok | P10: https://github.com/jfjelstul/worldcup
A11: M-2022-06 | B11: 2022 | C11: Fase grupos | D11: D | E11: 1 | F11: 2022-11-22 | G11: Denmark | H11: Tunisia | I11: 0 | J11: 0 | K11: 0 : 0 | L11: FALSE | M11: Education City Stadium | N11: Al Rayyan | P11: https://github.com/jfjelstul/worldcup
A12: M-2022-07 | B12: 2022 | C12: group | D12: Grupo C | E12: 1 | F12: 22/11/2022 | G12: México | H12: Poland | I12: 0 | J12: 0 | K12: 0 x 0 | L12: no | M12: Stadium 974 | N12: Doha | O12: revisar | P12: https://github.com/jfjelstul/worldcup
A13: M-2022-08 | B13: 2022 | C13: Group Stage | D13: D | E13: 1 | F13: 11/22/2022 | G13: France | H13: Australia | I13: 4 | J13: 1 | K13: 4—1 | L13: No | M13: Al Janoub Stadium | N13: Al Wakrah | O13: dato importado | P13: https://github.com/jfjelstul/worldcup
A14: M-2022-09 | B14: 2022 | C14: Fase grupos | D14: Group F | E14: 1 | F14: 23-11-22 | G14: Morocco | H14: Croatia | I14: 0 | J14: 0 | K14: sin dato | L14: 0 | M14: Al Bayt Stadium | N14: Al Khor | O14: ok | P14: https://github.com/jfjelstul/worldcup
A15: M-2022-10 | B15: 2022 | C15: group | D15: E | E15: 1 | F15: Nov 23, 2022 | G15: Deutschland | H15: JAPAN | I15: 1 | J15: 2 | K15: 1–2 | L15: FALSE | M15: Khalifa International Stadium | N15: Al Rayyan | P15: https://github.com/jfjelstul/worldcup
A16: M-2022-11 | B16: 2022 | C16: Group Stage | D16: Grupo E | E16: 1 | F16: 2022-11-23 | G16: Spain | H16: Costa Rica | I16: 7 | J16: 0 | K16: 7 : 0 | L16: no | M16: Al Thumama Stadium | N16: Doha | O16: revisar | P16: https://github.com/jfjelstul/worldcup
A17: M-2022-12 | B17: 2022 | C17: Fase grupos | E17: 1 | F17: 23/11/2022 | G17: Belgium | H17: Canada | I17: 1 | J17: 0 | K17: 1 x 0 | L17: No | M17: Ahmad bin Ali Stadium | N17: Al Rayyan | O17: dato importado | P17: https://github.com/jfjelstul/worldcup
A18: M-2022-13 | B18: 2022 | C18: group | D18: Group G | E18: 1 | F18: 11/24/2022 | G18: SWITZERLAND | H18: Cameroon | I18: N/A | J18: 0 | K18: 1—0 | L18: 0 | M18: Al Janoub Stadium | N18: Al Wakrah | O18: ok | P18: https://github.com/jfjelstul/worldcup
A19: M-2022-14 | B19: 2022 | C19: Group Stage | D19: H | E19: 1 | F19: 24-11-22 | G19: Uruguay | H19: Korea Republic | I19: 0 | J19: 0 | K19: 0-0 | L19: FALSE | M19: Education City Stadium | N19: Al Rayyan | P19: https://github.com/jfjelstul/worldcup
A20: M-2022-15 | B20: 2022 | C20: Fase grupos | D20: Grupo H | E20: 1 | F20: Nov 24, 2022 | G20: Portugal | H20: Ghana | I20: 3 | J20: 2 | K20: 3–2 | L20: no | M20: Stadium 974 | N20: Doha | O20: revisar | P20: https://github.com/jfjelstul/worldcup
A21: M-2022-16 | B21: 2022 | C21: group | D21: G | E21: 1 | F21: 2022-11-24 | G21: Brasil | H21: serbia | I21: 2 | J21: 0 | K21: 2 : 0 | L21: No | M21: Lusail Stadium | N21: Lusail | O21: dato importado | P21: https://github.com/jfjelstul/worldcup
A22: M-2022-17 | B22: 2022 | C22: Group Stage | D22: Group B | E22: 2 | F22: 25/11/2022 | G22: Wales | H22: IR Iran | I22: 0 | J22: 2 | K22: 0 x 2 | L22: 0 | M22: Ahmad bin Ali Stadium | N22: Al Rayyan | O22: ok | P22: https://github.com/jfjelstul/worldcup
A23: M-2022-18 | B23: 2022 | C23: Fase grupos | D23: A | E23: 2 | F23: 11/25/2022 | G23: Qatar | H23: Senegal | I23: 1 | J23: 3 | K23: 1—3 | L23: TRUE | M23: Al Thumama Stadium | N23: Doha | P23: https://github.com/jfjelstul/worldcup
A24: M-2022-19 | B24: 2022 | C24: group | D24: Grupo A | E24: 2 | F24: 25-11-22 | G24: the netherlands | H24: Ecuador | I24: 1 | J24: 1 | K24: 1-1 | L24: no | M24: Khalifa International Stadium | N24: Al Rayyan | O24: revisar | P24: https://github.com/jfjelstul/worldcup
A25: M-2022-20 | B25: 2022 | C25: Group Stage | D25: B | E25: 2 | F25: Nov 25, 2022 | G25: England | H25: USA | I25: 0 | J25: 0 | K25: 0–0 | L25: No | M25: Al Bayt Stadium | N25: Al Khor | O25: dato importado | P25: https://github.com/jfjelstul/worldcup
A26: M-2022-21 | B26: 2022 | C26: Fase grupos | D26: Group D | E26: 2 | F26: 2022-11-26 | G26: Tunisia | H26: Australia | I26: 0 | J26: 1 | K26: 0 : 1 | L26: 0 | M26: Al Janoub Stadium | N26: Al Wakrah | O26: ok | P26: https://github.com/jfjelstul/worldcup
A27: M-2022-22 | B27: 2022 | C27: group | D27: C | E27: 2 | F27: 26/11/2022 | G27: Poland | H27: Saudi-Arabia | I27: 2 | J27: 0 | K27: 2 x 0 | L27: FALSE | M27: Education City Stadium | N27: Al Rayyan | P27: https://github.com/jfjelstul/worldcup
A28: M-2022-23 | B28: 2022 | C28: Group Stage | D28: Grupo D | E28: 2 | F28: 11/26/2022 | G28: France | H28: Denmark | I28: 2 | J28: 1 | K28: 2—1 | L28: no | M28: Stadium 974 | N28: Doha | O28: revisar | P28: https://github.com/jfjelstul/worldcup
A29: M-2022-24 | B29: 2022 | C29: Fase grupos | D29: C | E29: 2 | F29: 26-11-22 | G29: Argentina | H29: México | I29: 2 | J29: 0 | K29: 2-0 | L29: No | M29: Lusail Stadium | N29: Lusail | O29: dato importado | P29: https://github.com/jfjelstul/worldcup
A30: M-2022-25 | B30: 2022 | C30: group | D30: Group E | E30: 2 | F30: Nov 27, 2022 | G30: Japan | H30: Costa Rica | I30: N/A | J30: 1 | K30: 0–1 | L30: 0 | M30: Ahmad bin Ali Stadium | N30: Al Rayyan | O30: ok | P30: https://github.com/jfjelstul/worldcup
A31: M-2022-26 | B31: 2022 | C31: Group Stage | D31: F | E31: 2 | F31: 2022-11-27 | G31: Belgium | H31: Morocco | I31: 0 | J31: 2 | K31: 0 : 2 | L31: FALSE | M31: Al Thumama Stadium | N31: Doha | P31: https://github.com/jfjelstul/worldcup
A32: M-2022-27 | B32: 2022 | C32: Fase grupos | D32: Grupo F | E32: 2 | F32: 27/11/2022 | G32: Croatia | H32: CANADA | I32: 4 | J32: 1 | K32: 4 x 1 | L32: no | M32: Khalifa International Stadium | N32: Al Rayyan | O32: revisar | P32: https://github.com/jfjelstul/worldcup
A33: M-2022-28 | B33: 2022 | C33: group | D33: E | E33: 2 | F33: 11/27/2022 | G33: España | H33: Germany | I33: 1 | J33: -2 | K33: 1—1 | L33: No | M33: Al Bayt Stadium | N33: Al Khor | O33: dato importado | P33: https://github.com/jfjelstul/worldcup
A34: M-2022-29 | B34: 2022 | C34: Group Stage | D34: Group G | E34: 2 | F34: 28-11-22 | G34: Cameroon | H34: Serbia | I34: 3 | J34: 3 | K34: 3-3 | L34: 0 | M34: Al Janoub Stadium | N34: Al Wakrah | O34: ok | P34: https://github.com/jfjelstul/worldcup
A35: M-2022-30 | B35: 2022 | C35: Fase grupos | D35: H | E35: 2 | F35: Nov 28, 2022 | G35: REP. OF KOREA | H35: Ghana | I35: 2 | J35: 3 | K35: 2–3 | L35: FALSE | M35: Education City Stadium | N35: Al Rayyan | P35: https://github.com/jfjelstul/worldcup
A36: M-2022-31 | B36: 2022 | C36: group | D36: Grupo G | E36: 2 | G36: Brazil | H36: Suisse | I36: 1 | J36: 0 | K36: 1 : 0 | L36: no | M36: Stadium 974 | N36: Doha | O36: revisar | P36: https://github.com/jfjelstul/worldcup
A37: M-2022-32 | B37: 2022 | C37: Group Stage | D37: H | E37: 2 | F37: 28/11/2022 | G37: Portugal | H37: Uruguay | I37: 2 | J37: 0 | K37: 2 x 0 | L37: No | M37: Lusail Stadium | N37: Lusail | O37: dato importado | P37: https://github.com/jfjelstul/worldcup
A38: M-2022-33 | B38: 2022 | C38: Fase grupos | D38: Group A | E38: 3 | F38: 11/29/2022 | G38: Ecuador | H38: Senegal | I38: 1 | J38: 2 | K38: 1—2 | L38: 0 | M38: Khalifa International Stadium | N38: Al Rayyan | O38: ok | P38: https://github.com/jfjelstul/worldcup
A39: M-2022-34 | B39: 2022 | C39: group | D39: A | E39: 3 | F39: 29-11-22 | G39: The Netherlands | H39: Qatar | I39: 2 | J39: 0 | K39: 2-0 | L39: FALSE | M39: Al Bayt Stadium | N39: Al Khor | P39: https://github.com/jfjelstul/worldcup
A40: M-2022-35 | B40: 2022 | C40: Group Stage | D40: Grupo B | E40: 3 | F40: Nov 29, 2022 | G40: IR Iran | H40: USA | I40: 0 | J40: 1 | K40: 0–1 | L40: no | M40: Al Thumama Stadium | N40: Doha | O40: revisar | P40: https://github.com/jfjelstul/worldcup
A41: M-2022-36 | B41: 2022 | C41: Fase grupos | D41: B | E41: 3 | F41: 2022-11-29 | G41: Wales | H41: England | I41: 0 | J41: 3 | K41: 0 : 3 | L41: No | M41: Ahmad bin Ali Stadium | N41: Al Rayyan | O41: dato importado | P41: https://github.com/jfjelstul/worldcup
A42: M-2022-37 | B42: 2022 | C42: group | D42: Group D | E42: 3 | F42: 30/11/2022 | G42: Australia | H42: Denmark | I42: N/A | J42: 0 | K42: 1 x 0 | L42: 0 | M42: Al Janoub Stadium | N42: Al Wakrah | O42: ok | P42: https://github.com/jfjelstul/worldcup
A43: M-2022-38 | B43: 2022 | C43: Group Stage | D43: D | E43: 3 | F43: 11/30/2022 | G43: Tunisia | H43: France | I43: 1 | J43: 0 | K43: 1—0 | L43: FALSE | M43: Education City Stadium | N43: Al Rayyan | P43: https://github.com/jfjelstul/worldcup
A44: M-2022-39 | B44: 2022 | C44: Fase grupos | D44: Grupo C | E44: 3 | F44: 30-11-22 | G44: Poland | H44: argentina | I44: 0 | J44: 2 | K44: 0-2 | L44: no | M44: Stadium 974 | N44: Doha | O44: revisar | P44: https://github.com/jfjelstul/worldcup
A45: M-2022-40 | B45: 2022 | C45: group | D45: C | E45: 3 | F45: Nov 30, 2022 | G45: Saudi-Arabia | H45: México | I45: 1 | J45: 2 | K45: 1–2 | L45: No | M45: Lusail Stadium | N45: Lusail | O45: dato importado | P45: https://github.com/jfjelstul/worldcup
A46: M-2022-41 | B46: 2022 | C46: Group Stage | D46: Group F | E46: 3 | F46: 2022-12-01 | G46: Canada | H46: Morocco | I46: 1 | J46: 2 | K46: 1 : 2 | L46: 0 | M46: Al Thumama Stadium | N46: Doha | O46: ok | P46: https://github.com/jfjelstul/worldcup
A47: M-2022-42 | B47: 2022 | C47: Fase grupos | D47: F | E47: 3 | F47: 01/12/2022 | G47: croatia | H47: Belgium | I47: 0 | J47: 0 | K47: 0 x 0 | L47: FALSE | M47: Ahmad bin Ali Stadium | N47: Al Rayyan | P47: https://github.com/jfjelstul/worldcup
A48: M-2022-43 | B48: 2022 | C48: group | D48: Grupo E | E48: 3 | F48: 12/01/2022 | G48: Costa Rica | H48: Deutschland | I48: 2 | J48: 4 | K48: 2—4 | L48: no | M48: Al Bayt Stadium | N48: Al Khor | O48: revisar | P48: https://github.com/jfjelstul/worldcup
A49: M-2022-44 | B49: 2022 | C49: Group Stage | D49: E | E49: 3 | F49: 01-12-22 | G49: Japan | H49: SPAIN | I49: 2 | J49: 1 | K49: 2-1 | L49: No | M49: Khalifa International Stadium | N49: Al Rayyan | O49: dato importado | P49: https://github.com/jfjelstul/worldcup
A50: M-2022-45 | B50: 2022 | C50: Fase grupos | D50: Group H | E50: 3 | F50: Dec 02, 2022 | G50: Ghana | H50: Uruguay | I50: 0 | J50: 2 | K50: 0–2 | L50: 0 | M50: Al Janoub Stadium | N50: Al Wakrah | O50: ok | P50: https://github.com/jfjelstul/worldcup
A51: M-2022-46 | B51: 2022 | C51: group | D51: H | E51: 3 | F51: 2022-12-02 | G51: Rep. of Korea | H51: Portugal | I51: 2 | J51: 1 | K51: 2 : 1 | L51: FALSE | M51: Education City Stadium | N51: Al Rayyan | P51: https://github.com/jfjelstul/worldcup
A52: M-2022-47 | B52: 2022 | C52: Group Stage | D52: Grupo G | E52: 3 | F52: 02/12/2022 | G52: CAMEROON | H52: Brasil | I52: 1 | J52: 0 | K52: 1 x 0 | L52: no | M52: Lusail Stadium | N52: Lusail | O52: revisar | P52: https://github.com/jfjelstul/worldcup
A53: M-2022-48 | B53: 2022 | C53: Fase grupos | D53: G | E53: 3 | F53: 12/02/2022 | G53: Serbia | H53: Switzerland | I53: 2 | J53: 3 | K53: 2—3 | L53: No | M53: Stadium 974 | N53: Doha | O53: dato importado | P53: https://github.com/jfjelstul/worldcup
A54: M-2022-03 | B54: 2022 | C54: Fase grupos | D54: Grupo A | E54: 1 | F54: 11/21/2022 | G54: Senegal | H54: Netherlands | I54: 0 | J54: 2 | K54: 0—2 | L54: no | M54: Al Thumama Stadium | N54: Doha | O54: revisar | P54: https://github.com/jfjelstul/worldcup
A55: M-2022-03 | B55: 2022 | C55: Fase grupos | D55: Grupo A | E55: 1 | F55: 11/21/2022 | G55: Senegal | H55: Netherlands | I55: 0 | J55: 2 | K55: 0—2 | L55: no | M55: Al Thumama Stadium | N55: Doha | O55: revisar | P55: https://github.com/jfjelstul/worldcup
A56: M-2022-42 | B56: 2022 | C56: Fase grupos | D56: F | E56: 3 | F56: 01/12/2022 | G56: croatia | H56: Belgium | I56: 0 | J56: 0 | K56: 0 x 0 | L56: FALSE | M56: Ahmad bin Ali Stadium | N56: Al Rayyan | P56: https://github.com/jfjelstul/worldcup

Sheet 05_Sucio_2026
A1: 05 Sucio 2026
A2: Incluye 12 grupos y una fecha almacenada como número serial de Excel.
A5: match | B5: wc | C5: round | D5: grp | E5: md | F5: played_on | G5: home | H5: away | I5: HG | J5: AG | K5: result_raw | L5: host_h | M5: host_a | N5: source
A6: M-2026-001 | B6: 2026 | C6: GS | D6: A | E6: 1 | F6: 2026-06-11 | G6: México | H6: South Africa | J6: s/d | K6: 2–0 | L6: TRUE | M6: no | N6: https://en.wikipedia.org/wiki/2026_FIFA_World_Cup_Group_A
A7: M-2026-002 | B7: 2026 | C7: group stage | D7: Grupo A | E7: 1 | F7: 12/06/2026 | G7: Korea Rep. | H7: Czech Republic | I7: 2 | J7: 1 | K7: 2 : 1 | L7: no | M7: No | N7: https://en.wikipedia.org/wiki/2026_FIFA_World_Cup_Group_A
A8: M-2026-007 | B8: 2026 | C8: fase de grupos | D8: group-b | E8: 1 | F8: 06/12/2026 | G8: Canada | H8: BOSNIA & HERZEGOVINA | I8: 1 | J8: 1 | K8: 1 x 1 | L8: Sí | M8: 0 | N8: https://en.wikipedia.org/wiki/2026_FIFA_World_Cup_Group_B
A9: M-2026-008 | B9: 2026 | C9: GS | D9: B | E9: 1 | F9: 13-06-26 | G9: Qatar | H9: Suisse | I9: 1 | J9: 1 | K9: 1—1 | L9: 0 | M9: FALSE | N9: https://en.wikipedia.org/wiki/2026_FIFA_World_Cup_Group_B
A10: M-2026-013 | B10: 2026 | C10: group stage | D10: C | E10: 1 | F10: Jun 13, 2026 | G10: Brazil | H10: Morocco | I10: 1 | J10: 1 | K10: 1-1 | L10: FALSE | M10: no | N10: https://en.wikipedia.org/wiki/2026_FIFA_World_Cup_Group_C
A11: M-2026-014 | B11: 2026 | C11: fase de grupos | D11: Grupo C | E11: 1 | F11: 2026-06-13 | G11: Haiti | H11: Scotland | I11: 0 | J11: 1 | K11: 0–1 | L11: no | M11: No | N11: https://en.wikipedia.org/wiki/2026_FIFA_World_Cup_Group_C
A12: M-2026-019 | B12: 2026 | C12: GS | D12: group-d | E12: 1 | F12: 13/06/2026 | G12: USA | H12: Paraguay | I12: 4 | J12: 1 | K12: 4 : 1 | L12: Sí | M12: 0 | N12: https://en.wikipedia.org/wiki/2026_FIFA_World_Cup_Group_D
A13: M-2026-020 | B13: 2026 | C13: group stage | D13: D | E13: 1 | F13: 46187 | G13: Australia | H13: Turkiye | I13: 2 | J13: 0 | K13: 2 x 0 | L13: 0 | M13: FALSE | N13: https://en.wikipedia.org/wiki/2026_FIFA_World_Cup_Group_D
A14: M-2026-025 | B14: 2026 | C14: fase de grupos | D14: E | E14: 1 | F14: 14-06-26 | G14: Germany | H14: curaçao | I14: 7 | J14: 1 | K14: 7—1 | L14: FALSE | M14: no | N14: https://en.wikipedia.org/wiki/2026_FIFA_World_Cup_Group_E
A15: M-2026-026 | B15: 2026 | C15: GS | D15: Grupo E | E15: 1 | F15: Jun 14, 2026 | G15: Cote d Ivoire | H15: Ecuador | I15: 1 | J15: 0 | K15: 1-0 | L15: no | M15: No | N15: https://en.wikipedia.org/wiki/2026_FIFA_World_Cup_Group_E
A16: M-2026-031 | B16: 2026 | C16: group stage | D16: group-f | E16: 1 | F16: 2026-06-14 | G16: Holland | H16: Japan | J16: 2 | K16: 2–2 | L16: No | M16: 0 | N16: https://en.wikipedia.org/wiki/2026_FIFA_World_Cup_Group_F
A17: M-2026-032 | B17: 2026 | C17: fase de grupos | D17: F | E17: 1 | F17: 15/06/2026 | G17: Sweden | H17: Tunisia | I17: 5 | J17: 1 | K17: 5 : 1 | L17: 0 | M17: FALSE | N17: https://en.wikipedia.org/wiki/2026_FIFA_World_Cup_Group_F
A18: M-2026-037 | B18: 2026 | C18: GS | E18: 1 | F18: 06/15/2026 | G18: belgium | H18: Egypt | I18: 1 | J18: 1 | K18: 1 x 1 | L18: FALSE | M18: no | N18: https://en.wikipedia.org/wiki/2026_FIFA_World_Cup_Group_G
A19: M-2026-038 | B19: 2026 | C19: group stage | D19: Grupo G | E19: 1 | F19: 15-06-26 | G19: IR Iran | H19: New Zealand | I19: 2 | J19: 2 | K19: 2—2 | L19: no | M19: No | N19: https://en.wikipedia.org/wiki/2026_FIFA_World_Cup_Group_G
A20: M-2026-043 | B20: 2026 | C20: fase de grupos | D20: group-h | E20: 1 | F20: Jun 15, 2026 | G20: Spain | H20: Cape-Verde | I20: 0 | J20: s/d | K20: 0-0 | L20: No | M20: 0 | N20: https://en.wikipedia.org/wiki/2026_FIFA_World_Cup_Group_H
A21: M-2026-044 | B21: 2026 | C21: GS | D21: H | E21: 1 | F21: 2026-06-15 | G21: Saudi-Arabia | H21: Uruguay | I21: 1 | J21: 1 | K21: 1–1 | L21: 0 | M21: FALSE | N21: https://en.wikipedia.org/wiki/2026_FIFA_World_Cup_Group_H
A22: M-2026-049 | B22: 2026 | C22: group stage | D22: I | E22: 1 | F22: 16/06/2026 | G22: France | H22: Senegal | I22: 3 | J22: 1 | K22: 3 : 1 | L22: FALSE | M22: no | N22: https://en.wikipedia.org/wiki/2026_FIFA_World_Cup_Group_I
A23: M-2026-050 | B23: 2026 | C23: fase de grupos | D23: Grupo I | E23: 1 | F23: 06/16/2026 | G23: Iraq | H23: Norway | I23: 1 | J23: 4 | K23: 1 x 4 | L23: no | M23: No | N23: https://en.wikipedia.org/wiki/2026_FIFA_World_Cup_Group_I
A24: M-2026-055 | B24: 2026 | C24: GS | D24: group-j | E24: 1 | F24: 16-06-26 | G24: Argentina | H24: Algeria | I24: 3 | J24: 0 | K24: 3—0 | L24: No | M24: 0 | N24: https://en.wikipedia.org/wiki/2026_FIFA_World_Cup_Group_J
A25: M-2026-056 | B25: 2026 | C25: group stage | D25: J | E25: 1 | F25: Jun 17, 2026 | G25: Austria | H25: JORDAN | I25: 3 | J25: 1 | K25: 3-1 | L25: 0 | M25: FALSE | N25: https://en.wikipedia.org/wiki/2026_FIFA_World_Cup_Group_J
A26: M-2026-061 | B26: 2026 | C26: fase de grupos | D26: K | E26: 1 | F26: 2026-06-17 | G26: Portugal | H26: Democratic Republic of the Congo | J26: 1 | K26: 1–1 | L26: FALSE | M26: no | N26: https://en.wikipedia.org/wiki/2026_FIFA_World_Cup_Group_K
A27: M-2026-062 | B27: 2026 | C27: GS | D27: Grupo K | E27: 1 | F27: 17/06/2026 | G27: Uzbekistan | H27: Colombia | I27: 1 | J27: 3 | L27: no | M27: No | N27: https://en.wikipedia.org/wiki/2026_FIFA_World_Cup_Group_K
A28: M-2026-067 | B28: 2026 | C28: group stage | D28: group-l | E28: 1 | F28: 06/17/2026 | G28: England | H28: Croatia | I28: 4 | J28: 2 | K28: 4 x 2 | L28: No | M28: 0 | N28: https://en.wikipedia.org/wiki/2026_FIFA_World_Cup_Group_L
A29: M-2026-003 | B29: 2026 | C29: fase de grupos | D29: A | E29: 2 | F29: 18-06-26 | G29: CZECH REPUBLIC | H29: South Africa | I29: 1 | J29: 1 | K29: 1—1 | L29: 0 | M29: FALSE | N29: https://en.wikipedia.org/wiki/2026_FIFA_World_Cup_Group_A
A30: M-2026-004 | B30: 2026 | C30: GS | D30: A | E30: 2 | F30: Jun 18, 2026 | G30: México | H30: South Korea | I30: 1 | J30: 0 | K30: 1-0 | L30: TRUE | M30: no | N30: https://en.wikipedia.org/wiki/2026_FIFA_World_Cup_Group_A
A31: M-2026-009 | B31: 2026 | C31: group stage | D31: Grupo B | E31: 2 | F31: 2026-06-18 | G31: Suisse | H31: Bosnia | I31: 4 | J31: 1 | K31: 4–1 | L31: no | M31: No | N31: https://en.wikipedia.org/wiki/2026_FIFA_World_Cup_Group_B
A32: M-2026-010 | B32: 2026 | C32: fase de grupos | D32: group-b | E32: 2 | F32: 18/06/2026 | G32: Canada | H32: Qatar | I32: 6 | J32: 0 | K32: 6 : 0 | L32: Sí | M32: 0 | N32: https://en.wikipedia.org/wiki/2026_FIFA_World_Cup_Group_B
A33: M-2026-068 | B33: 2026 | C33: GS | D33: L | E33: 1 | F33: 06/18/2026 | G33: Ghana | H33: Panama | I33: 1 | J33: 0 | K33: 1 x 0 | L33: 0 | M33: FALSE | N33: https://en.wikipedia.org/wiki/2026_FIFA_World_Cup_Group_L
A34: M-2026-015 | B34: 2026 | C34: group stage | D34: C | E34: 2 | F34: 19-06-26 | G34: Scotland | H34: Morocco | I34: 0 | J34: s/d | K34: 0—1 | L34: FALSE | M34: no | N34: https://en.wikipedia.org/wiki/2026_FIFA_World_Cup_Group_C
A35: M-2026-016 | B35: 2026 | C35: fase de grupos | D35: Grupo C | E35: 2 | F35: Jun 19, 2026 | G35: Brasil | H35: Haiti | I35: 3 | J35: 0 | K35: 3-0 | L35: no | M35: No | N35: https://en.wikipedia.org/wiki/2026_FIFA_World_Cup_Group_C
A36: M-2026-021 | B36: 2026 | C36: GS | D36: group-d | E36: 2 | F36: 2026-06-19 | G36: US | H36: Australia | J36: 0 | K36: 2–0 | L36: Sí | M36: 0 | N36: https://en.wikipedia.org/wiki/2026_FIFA_World_Cup_Group_D
A37: M-2026-022 | B37: 2026 | C37: group stage | D37: D | E37: 2 | F37: 20/06/2026 | G37: Turkey | H37: paraguay | I37: 0 | J37: 1 | K37: 0 : 1 | L37: 0 | M37: FALSE | N37: https://en.wikipedia.org/wiki/2026_FIFA_World_Cup_Group_D
A38: M-2026-027 | B38: 2026 | C38: fase de grupos | D38: E | E38: 2 | F38: 06/20/2026 | G38: Germany | H38: Ivory Coast | I38: 2 | J38: 1 | K38: 2 x 1 | L38: FALSE | M38: no | N38: https://en.wikipedia.org/wiki/2026_FIFA_World_Cup_Group_E
A39: M-2026-028 | B39: 2026 | C39: GS | D39: Grupo E | E39: 2 | F39: 20-06-26 | G39: Ecuador | H39: CURACAO | I39: 0 | J39: 0 | K39: 0—0 | L39: no | M39: No | N39: https://en.wikipedia.org/wiki/2026_FIFA_World_Cup_Group_E
A40: M-2026-033 | B40: 2026 | C40: group stage | D40: group-f | E40: 2 | F40: Jun 20, 2026 | G40: Holland | H40: Sweden | I40: 5 | J40: 1 | K40: 5-1 | L40: No | M40: 0 | N40: https://en.wikipedia.org/wiki/2026_FIFA_World_Cup_Group_F
A41: M-2026-034 | B41: 2026 | C41: fase de grupos | D41: F | E41: 2 | F41: 2026-06-20 | G41: tunisia | H41: Japan | I41: 0 | J41: 4 | K41: 0–4 | L41: 0 | M41: FALSE | N41: https://en.wikipedia.org/wiki/2026_FIFA_World_Cup_Group_F
A42: M-2026-039 | B42: 2026 | C42: GS | D42: G | E42: 2 | F42: 21/06/2026 | G42: Belgium | H42: IR IRAN | I42: 0 | J42: 0 | K42: 0 : 0 | L42: FALSE | M42: no | N42: https://en.wikipedia.org/wiki/2026_FIFA_World_Cup_Group_G
A43: M-2026-040 | B43: 2026 | C43: group stage | D43: Grupo G | E43: 2 | F43: 06/21/2026 | G43: New Zealand | H43: Egypt | I43: 1 | J43: 3 | K43: 1 x 3 | L43: no | M43: No | N43: https://en.wikipedia.org/wiki/2026_FIFA_World_Cup_Group_G
A44: M-2026-045 | B44: 2026 | C44: fase de grupos | D44: group-h | E44: 2 | F44: 21-06-26 | G44: Spain | H44: Saudi-Arabia | I44: 4 | J44: 0 | K44: 4—0 | L44: No | M44: 0 | N44: https://en.wikipedia.org/wiki/2026_FIFA_World_Cup_Group_H
A45: M-2026-046 | B45: 2026 | C45: GS | D45: H | E45: 2 | F45: Jun 21, 2026 | G45: Uruguay | H45: Cabo Verde | I45: -1 | J45: 2 | K45: 2-2 | L45: 0 | M45: FALSE | N45: https://en.wikipedia.org/wiki/2026_FIFA_World_Cup_Group_H
A46: M-2026-051 | B46: 2026 | C46: group stage | D46: I | E46: 2 | F46: 2026-06-22 | G46: FRANCE | H46: Iraq | J46: 0 | K46: 3–0 | L46: FALSE | M46: no | N46: https://en.wikipedia.org/wiki/2026_FIFA_World_Cup_Group_I
A47: M-2026-052 | B47: 2026 | C47: fase de grupos | D47: Grupo I | E47: 2 | F47: 22/06/2026 | G47: Norway | H47: Senegal | I47: 3 | J47: 2 | K47: 3 : 2 | L47: no | M47: No | N47: https://en.wikipedia.org/wiki/2026_FIFA_World_Cup_Group_I
A48: M-2026-057 | B48: 2026 | C48: GS | D48: group-j | E48: 2 | F48: 06/22/2026 | G48: Argentina | H48: Austria | I48: 2 | J48: s/d | K48: 2 x 0 | L48: No | M48: 0 | N48: https://en.wikipedia.org/wiki/2026_FIFA_World_Cup_Group_J
A49: M-2026-058 | B49: 2026 | C49: group stage | D49: J | E49: 2 | F49: 22-06-26 | G49: Jordan | H49: Algeria | I49: 1 | J49: 2 | K49: 1—2 | L49: 0 | M49: FALSE | N49: https://en.wikipedia.org/wiki/2026_FIFA_World_Cup_Group_J
A50: M-2026-063 | B50: 2026 | C50: fase de grupos | D50: K | E50: 2 | F50: Jun 23, 2026 | G50: Portugal | H50: Uzbekistan | I50: 5 | J50: 0 | K50: 5-0 | L50: FALSE | M50: no | N50: https://en.wikipedia.org/wiki/2026_FIFA_World_Cup_Group_K
A51: M-2026-064 | B51: 2026 | C51: GS | D51: Grupo K | E51: 2 | F51: 2026-06-23 | G51: Colombia | H51: Congo DR | I51: 1 | J51: 0 | K51: 1–0 | L51: no | M51: No | N51: https://en.wikipedia.org/wiki/2026_FIFA_World_Cup_Group_K
A52: M-2026-069 | B52: 2026 | C52: group stage | D52: group-l | E52: 2 | F52: 23/06/2026 | G52: England | H52: Ghana | I52: 0 | J52: 0 | K52: 0 : 0 | L52: No | M52: 0 | N52: https://en.wikipedia.org/wiki/2026_FIFA_World_Cup_Group_L
A53: M-2026-070 | B53: 2026 | C53: fase de grupos | D53: L | E53: 2 | F53: 06/23/2026 | G53: Panama | H53: Croatia | I53: 0 | J53: 1 | K53: 0 x 1 | L53: 0 | M53: FALSE | N53: https://en.wikipedia.org/wiki/2026_FIFA_World_Cup_Group_L
A54: M-2026-005 | B54: 2026 | C54: GS | D54: A | E54: 3 | F54: 24-06-26 | G54: Czechia | H54: México | I54: 0 | J54: 3 | K54: 0—3 | L54: FALSE | M54: si | N54: https://en.wikipedia.org/wiki/2026_FIFA_World_Cup_Group_A
A55: M-2026-006 | B55: 2026 | C55: group stage | D55: Grupo A | E55: 3 | F55: Jun 24, 2026 | G55: South Africa | H55: Korea Rep. | I55: 1 | J55: 0 | K55: 1-0 | L55: no | M55: No | N55: https://en.wikipedia.org/wiki/2026_FIFA_World_Cup_Group_A
A56: M-2026-011 | B56: 2026 | C56: fase de grupos | D56: group-b | E56: 3 | F56: 2026-06-24 | G56: Switzerland | H56: Canada | J56: 1 | K56: 2–1 | L56: No | M56: 1 | N56: https://en.wikipedia.org/wiki/2026_FIFA_World_Cup_Group_B
A57: M-2026-012 | B57: 2026 | C57: GS | D57: B | E57: 3 | F57: 24/06/2026 | G57: Bosnia and Herzegovina | H57: Qatar | I57: 3 | J57: 1 | K57: 3 : 1 | L57: 0 | M57: FALSE | N57: https://en.wikipedia.org/wiki/2026_FIFA_World_Cup_Group_B
A58: M-2026-017 | B58: 2026 | C58: group stage | D58: C | E58: 3 | F58: 06/25/2026 | G58: Scotland | H58: Brazil | I58: 0 | J58: 3 | K58: 0 x 3 | L58: FALSE | M58: no | N58: https://en.wikipedia.org/wiki/2026_FIFA_World_Cup_Group_C
A59: M-2026-018 | B59: 2026 | C59: fase de grupos | D59: Grupo C | E59: 3 | F59: 25-06-26 | G59: Morocco | H59: HAITI | I59: 4 | J59: 2 | K59: 4—2 | L59: no | M59: No | N59: https://en.wikipedia.org/wiki/2026_FIFA_World_Cup_Group_C
A60: M-2026-023 | B60: 2026 | C60: GS | D60: group-d | E60: 3 | F60: Jun 25, 2026 | G60: Türkiye | H60: united states of america | I60: 3 | J60: 2 | K60: 3-2 | L60: No | M60: 1 | N60: https://en.wikipedia.org/wiki/2026_FIFA_World_Cup_Group_D
A61: M-2026-024 | B61: 2026 | C61: group stage | D61: D | E61: 3 | F61: N/D | G61: Paraguay | H61: Australia | I61: 0 | J61: 0 | K61: 0–0 | L61: 0 | M61: FALSE | N61: https://en.wikipedia.org/wiki/2026_FIFA_World_Cup_Group_D
A62: M-2026-029 | B62: 2026 | C62: fase de grupos | D62: E | E62: 3 | F62: 25/06/2026 | G62: Curaçao | H62: Ivory Coast | I62: 0 | J62: s/d | K62: 0 : 2 | L62: FALSE | M62: no | N62: https://en.wikipedia.org/wiki/2026_FIFA_World_Cup_Group_E
A63: M-2026-030 | B63: 2026 | C63: GS | D63: Grupo E | E63: 3 | F63: 06/25/2026 | G63: ECUADOR | H63: Deutschland | I63: 2 | J63: 1 | K63: 2 x 1 | L63: no | M63: No | N63: https://en.wikipedia.org/wiki/2026_FIFA_World_Cup_Group_E
A64: M-2026-035 | B64: 2026 | C64: group stage | D64: group-f | E64: 3 | F64: 26-06-26 | G64: japan | H64: Sweden | I64: 1 | J64: 1 | K64: 1—1 | L64: No | M64: 0 | N64: https://en.wikipedia.org/wiki/2026_FIFA_World_Cup_Group_F
A65: M-2026-036 | B65: 2026 | C65: fase de grupos | D65: F | E65: 3 | F65: Jun 26, 2026 | G65: Tunisia | H65: The Netherlands | I65: 1 | J65: 3 | K65: 1-3 | L65: 0 | M65: FALSE | N65: https://en.wikipedia.org/wiki/2026_FIFA_World_Cup_Group_F
A66: M-2026-041 | B66: 2026 | C66: GS | D66: G | E66: 3 | F66: 2026-06-26 | G66: Egypt | H66: IR Iran | J66: 1 | K66: 1–1 | L66: FALSE | M66: no | N66: https://en.wikipedia.org/wiki/2026_FIFA_World_Cup_Group_G
A67: M-2026-042 | B67: 2026 | C67: group stage | D67: Grupo G | E67: 3 | F67: 26/06/2026 | G67: New Zealand | H67: Belgium | I67: 1 | J67: 5 | K67: 1 : 5 | L67: no | M67: No | N67: https://en.wikipedia.org/wiki/2026_FIFA_World_Cup_Group_G
A68: M-2026-047 | B68: 2026 | C68: fase de grupos | D68: group-h | E68: 3 | F68: 06/26/2026 | G68: Cape Verde | H68: Saudi-Arabia | I68: 0 | J68: 0 | K68: 0 x 0 | L68: No | M68: 0 | N68: https://en.wikipedia.org/wiki/2026_FIFA_World_Cup_Group_H
A69: M-2026-048 | B69: 2026 | C69: GS | D69: H | E69: 3 | F69: 26-06-26 | G69: Uruguay | H69: España | I69: 0 | J69: 1 | K69: 0—1 | L69: 0 | M69: FALSE | N69: https://en.wikipedia.org/wiki/2026_FIFA_World_Cup_Group_H
A70: M-2026-053 | B70: 2026 | C70: group stage | D70: I | E70: 3 | F70: Jun 26, 2026 | G70: Norway | H70: France | I70: 1 | J70: 4 | K70: 1-4 | L70: FALSE | M70: no | N70: https://en.wikipedia.org/wiki/2026_FIFA_World_Cup_Group_I
A71: M-2026-054 | B71: 2026 | C71: fase de grupos | D71: Grupo I | E71: 3 | F71: 2026-06-26 | G71: Senegal | H71: Iraq | I71: 5 | J71: 0 | K71: 5–0 | L71: no | M71: No | N71: https://en.wikipedia.org/wiki/2026_FIFA_World_Cup_Group_I
A72: M-2026-059 | B72: 2026 | C72: GS | D72: group-j | E72: 3 | F72: 27/06/2026 | G72: Algeria | H72: Austria | I72: 3 | J72: 3 | K72: 3 : 3 | L72: No | M72: 0 | N72: https://en.wikipedia.org/wiki/2026_FIFA_World_Cup_Group_J
A73: M-2026-060 | B73: 2026 | C73: group stage | D73: J | E73: 3 | F73: 06/27/2026 | G73: Jordan | H73: Argentina | I73: 1 | J73: 3 | K73: 1 x 3 | L73: 0 | M73: FALSE | N73: https://en.wikipedia.org/wiki/2026_FIFA_World_Cup_Group_J
A74: M-2026-065 | B74: 2026 | C74: fase de grupos | D74: K | E74: 3 | F74: 27-06-26 | G74: Colombia | H74: Portugal | I74: 0 | J74: 0 | K74: 0—0 | L74: FALSE | M74: no | N74: https://en.wikipedia.org/wiki/2026_FIFA_World_Cup_Group_K
A75: M-2026-066 | B75: 2026 | C75: GS | D75: Grupo K | E75: 3 | F75: Jun 27, 2026 | G75: Congo DR | H75: Uzbekistan | I75: 3 | J75: 1 | K75: 3-1 | L75: no | M75: No | N75: https://en.wikipedia.org/wiki/2026_FIFA_World_Cup_Group_K
A76: M-2026-071 | B76: 2026 | C76: group stage | D76: group-l | E76: 3 | F76: 2026-06-27 | G76: Panama | H76: ENGLAND | J76: s/d | K76: 0–2 | L76: No | M76: 0 | N76: https://en.wikipedia.org/wiki/2026_FIFA_World_Cup_Group_L
A77: M-2026-072 | B77: 2026 | C77: fase de grupos | D77: L | E77: 3 | F77: 27/06/2026 | G77: Croatia | H77: Ghana | I77: 2 | J77: 1 | K77: 2 : 1 | L77: 0 | M77: FALSE | N77: https://en.wikipedia.org/wiki/2026_FIFA_World_Cup_Group_L
A78: M-2026-019 | B78: 2026 | C78: GS | D78: group-d | E78: 1 | F78: 13/06/2026 | G78: USA | H78: Paraguay | I78: 4 | J78: 1 | K78: 4 : 1 | L78: Sí | M78: 0 | N78: https://en.wikipedia.org/wiki/2026_FIFA_World_Cup_Group_D
A79: M-2026-051 | B79: 2026 | C79: group stage | D79: I | E79: 2 | F79: 2026-06-22 | G79: FRANCE | H79: Iraq | J79: 0 | K79: 3–0 | L79: FALSE | M79: no | N79: https://en.wikipedia.org/wiki/2026_FIFA_World_Cup_Group_I
A80: M-2026-065 | B80: 2026 | C80: fase de grupos | D80: K | E80: 3 | F80: 27-06-26 | G80: Colombia | H80: Portugal | I80: 0 | J80: 0 | K80: 0—0 | L80: FALSE | M80: no | N80: https://en.wikipedia.org/wiki/2026_FIFA_World_Cup_Group_K

Sheet 06_Control_Calidad
A1: Bitácora y control de calidad
A2: Completa las columnas amarillas durante el laboratorio. Una corrección sin evidencia no está terminada.
A5: Dimensión | B5: Problema | C5: Cómo detectarlo | D5: Criterio de aceptación | E5: Resultado | F5: Decisión aplicada | G5: Evidencia / fórmula
A6: Estructura | B6: Columnas equivalentes con nombres diferentes | C6: Comparar encabezados | D6: Esquema canónico definido | E6: Confirmado: 2018 (16 cols: ID Partido…Fuente), 2022 (16 cols: match_id…source_url), 2026 (14 cols: match…source). Ningún nombre de columna coincide entre los tres archivos. | F6: Mapear cada archivo al esquema canónico de 14 campos (hoja 01_Diccionario) con un diccionario de renombrado por año; no fusionar directo. | G6: Comparación manual de encabezados (fila 5 de cada hoja sucia) + diccionario de renombrado en Python.
A7: Completitud | B7: Valores vacíos en campos críticos | C7: Filtros / CONTAR.BLANCO | D7: 0 nulos en equipo, grupo y goles | E7: 2018: 1 nulo real en Grupo (M-2018-10) + 3 en Goles Visitante + 1 en Marcador, más 1 valor centinela "s/d" en Grupo (M-2018-32). 2022: 1 nulo en group_name, 1 en date, 4 en home_score. 2026: 1 nulo en grp, 9 en HG, 1 en result_raw. Equipo local/visitante: 0 nulos en los tres archivos. | F7: Rellenar goles faltantes con el marcador; grupo faltante se infiere del grupo más frecuente del mismo equipo en ese mundial; "s/d"/"N/D" se tratan como vacío, nunca como grupo D. | G7: Fórmula: CONTAR.BLANCO(rango) por columna en cada hoja sucia.
A8: Unicidad | B8: Partidos repetidos | C8: Formato condicional / CONTAR.SI | D8: 168 IDs únicos | E8: 2018: 50 filas con 2 IDs duplicados (M-2018-05, M-2018-18) → 48 únicos. 2022: 51 filas con 3 filas duplicadas (M-2022-03 x3, M-2022-42 x2) → 48 únicos. 2026: 75 filas con 3 IDs duplicados (M-2026-019, -051, -065) → 72 únicos. Total 176 filas crudas → 168 partidos únicos. | F8: Eliminar duplicados exactos por partido_id, conservando la primera aparición. | G8: Formato condicional "Valores duplicados" + =CONTAR.SI(A:A,A6). Verificado en 07_Base_Limpia: 0 partido_id repetidos.
A9: Validez | B9: Goles negativos o texto | C9: Filtros y conversión numérica | D9: Todos enteros >= 0 | E9: Texto en vez de número: 2018 Goles Local = "5 goles"/"1 goles" (M-2018-05, M-2018-18). 2026 AG = "s/d" en 3 partidos. Negativos: 2018 Goles Local=-1 (M-2018-23), 2022 away_score=-2 (M-2022-28), 2026 HG=-1 (M-2026-046). | F9: Extraer el primer entero con regex; cualquier negativo se descarta y se repara con el marcador. | G9: Filtro "no es número" + =ESNUMERO(celda). Verificado en 07_Base_Limpia: 0 goles negativos (ver 11_Pruebas_QA).
A10: Consistencia | B10: Marcador y goles separados no coinciden | C10: Comparar ambos campos | D10: 0 conflictos pendientes | E10: 3 conflictos, uno por archivo: M-2018-23 (goles -1/3; marcador "0:3"), M-2022-28 (goles 1/-2; marcador "1-1"), M-2026-046 (goles -1/2; marcador "2-2"). El marcador era el dato correcto en los 3 casos. | F10: Cuando el marcador se separa en dos números válidos, prevalece sobre los goles sueltos (regla 1 del paso 7 de la guía). | G10: Columna auxiliar comparando goles vs marcador. Resultado final en 07_Base_Limpia, fila K: marcador siempre coincide con goles_local-goles_visitante.
A11: Consistencia | B11: Fechas mezcladas o seriales | C11: Formato de celda y rango del torneo | D11: Todas son fechas válidas | E11: Formatos mezclados: ISO, DD/MM/AAAA, MM/DD/AAAA, DD-MM-AA, texto ("Jun 16, 2018"). 2026 trae 1 fecha como serial de Excel puro: "46187" en M-2026-020 (=12 jun 2026). Además, 2 partidos (M-2022-31, M-2026-024) no traen fecha en la fuente original (NaN y "N/D"): se dejaron en blanco, no se inventaron. | F11: Probar varios patrones de fecha; para el serial sumar días al origen 1899-12-30; validar contra el rango oficial del torneo. Los 2 casos sin fecha real quedan pendientes de revisión docente. | G11: Formato de celda + comparación contra rango 2018:14-28 jun / 2022:20 nov-2 dic / 2026:11-27 jun.
A12: Categorías | B12: Nombres de equipos con variantes | C12: Catálogo + BUSCARX | D12: Una forma canónica por equipo | E12: Se probaron todas las variantes de equipo contra catalogo_equipos.csv (acentos/mayúsculas normalizados): 0 casos sin equivalencia. El catálogo cubre el 100% de las variantes usadas. | F12: BUSCARX con clave normalizada (sin acentos, minúsculas, sin signos) contra la columna Variante; se conserva el acento en el nombre final mostrado. | G12: Fórmula: BUSCARX(clave;02_catalogo_equipos!clave;...!B:B;"SIN MATCH") → 0 filas con SIN MATCH. 32/32/48 equipos únicos por mundial (ver 11_Pruebas_QA).
A13: Categorías | B13: Grupos escritos de formas distintas | C13: Extraer letra A-L | D13: Solo A-L | E13: Formatos mezclados: "Grupo A", "group-a", "A ", mayúsc/minúsc. Riesgo detectado: una extracción ingenua de la primera letra A-L confundía la "G" de "Grupo" con el grupo real, y la "D" de "s/d" con el Grupo D. Se corrigió exigiendo la letra como palabra completa y excluyendo centinelas. | F13: Extraer solo una letra A-L que sea palabra completa (no parte de "Grupo"/"Group"); tratar "s/d"/"N/D" como vacío y resolver por inferencia desde el historial del equipo. | G13: Verificado en 07_Base_Limpia: cada grupo tiene exactamente 6 partidos (round robin de 4 equipos) en los 8 grupos de 2018/2022 y los 12 de 2026 (ver 11_Pruebas_QA).
A14: Comparabilidad | B14: 2026 tiene más partidos | C14: Calcular tasas | D14: Usar goles/partido y porcentajes | E14: Confirmado: 2018 y 2022 = 48 partidos (32 equipos); 2026 = 72 partidos (48 equipos), 50% más partidos. | F14: Usar tasas (goles/partido, % empates, % victoria anfitrión, % partidos >2.5 goles) en 08_Comparacion, nunca sumas totales solas. | G14: Hoja 08_Comparacion, columnas D/F/I/J, ya calculadas con fórmulas.
A15: Trazabilidad | B15: Cambios sin justificar | C15: Bitácora | D15: Cada regla tiene evidencia | E15: Cada corrección de esta bitácora queda documentada con el partido_id exacto afectado. | F15: Mantener esta tabla actualizada; cualquier cambio en las hojas sucias o en la base limpia debe poder rastrearse hasta una fila de aquí. | G15: Esta misma tabla + hoja 11_Pruebas_QA con las pruebas automatizadas de todo el proceso. Ejemplo real: se detectó que 08_Comparacion comparaba anfitrión contra el texto "Sí", pero 07_Base_Limpia usa booleano TRUE/FALSE (como pide 01_Diccionario); se corrigió la fórmula para comparar contra TRUE.

Sheet 07_Base_Limpia
A1: Base integrada limpia
A2: Pega únicamente los campos de entrada. Las columnas azules se calculan con fórmulas.
A5: partido_id | B5: mundial | C5: fase | D5: grupo | E5: jornada | F5: fecha | G5: equipo_local | H5: equipo_visitante | I5: goles_local | J5: goles_visitante | K5: marcador | L5: resultado_local | M5: local_es_anfitrion | N5: visitante_es_anfitrion | O5: goles_totales | P5: diferencia_goles | Q5: puntos_local | R5: puntos_visitante | S5: fuente
A6: M-2018-01 | B6: 2018 | C6: Fase de grupos | D6: A | E6: 1 | F6: 43265 | G6: Russia | H6: Saudi Arabia | I6: 5 | J6: 0 | K6: =IF(OR(I6="",J6=""),"",I6&"-"&J6) -> 5-0 | L6: =IF(OR(I6="",J6=""),"",IF(I6>J6,"Gana",IF(I6=J6,"Empata","Pierde"))) -> Gana | M6: =TRUE() -> TRUE | N6: =FALSE() -> FALSE | O6: =IF(OR(I6="",J6=""),"",I6+J6) -> 5 | P6: =IF(OR(I6="",J6=""),"",I6-J6) -> 5 | Q6: =IF(L6="","",IF(L6="Gana",3,IF(L6="Empata",1,0))) -> 3 | R6: =IF(L6="","",IF(L6="Pierde",3,IF(L6="Empata",1,0))) -> 0 | S6: https://github.com/jfjelstul/worldcup
A7: M-2018-02 | B7: 2018 | C7: Fase de grupos | D7: A | E7: 1 | F7: 43266 | G7: Egypt | H7: Uruguay | I7: 0 | J7: 1 | K7: =IF(OR(I7="",J7=""),"",I7&"-"&J7) -> 0-1 | L7: =IF(OR(I7="",J7=""),"",IF(I7>J7,"Gana",IF(I7=J7,"Empata","Pierde"))) -> Pierde | M7: =FALSE() -> FALSE | N7: =FALSE() -> FALSE | O7: =IF(OR(I7="",J7=""),"",I7+J7) -> 1 | P7: =IF(OR(I7="",J7=""),"",I7-J7) -> -1 | Q7: =IF(L7="","",IF(L7="Gana",3,IF(L7="Empata",1,0))) -> 0 | R7: =IF(L7="","",IF(L7="Pierde",3,IF(L7="Empata",1,0))) -> 3 | S7: https://github.com/jfjelstul/worldcup
A8: M-2018-03 | B8: 2018 | C8: Fase de grupos | D8: B | E8: 1 | F8: 43266 | G8: Morocco | H8: Iran | I8: 0 | J8: 1 | K8: =IF(OR(I8="",J8=""),"",I8&"-"&J8) -> 0-1 | L8: =IF(OR(I8="",J8=""),"",IF(I8>J8,"Gana",IF(I8=J8,"Empata","Pierde"))) -> Pierde | M8: =FALSE() -> FALSE | N8: =FALSE() -> FALSE | O8: =IF(OR(I8="",J8=""),"",I8+J8) -> 1 | P8: =IF(OR(I8="",J8=""),"",I8-J8) -> -1 | Q8: =IF(L8="","",IF(L8="Gana",3,IF(L8="Empata",1,0))) -> 0 | R8: =IF(L8="","",IF(L8="Pierde",3,IF(L8="Empata",1,0))) -> 3 | S8: https://github.com/jfjelstul/worldcup
A9: M-2018-04 | B9: 2018 | C9: Fase de grupos | D9: B | E9: 1 | F9: 43266 | G9: Portugal | H9: Spain | I9: 3 | J9: 3 | K9: =IF(OR(I9="",J9=""),"",I9&"-"&J9) -> 3-3 | L9: =IF(OR(I9="",J9=""),"",IF(I9>J9,"Gana",IF(I9=J9,"Empata","Pierde"))) -> Empata | M9: =FALSE() -> FALSE | N9: =FALSE() -> FALSE | O9: =IF(OR(I9="",J9=""),"",I9+J9) -> 6 | P9: =IF(OR(I9="",J9=""),"",I9-J9) -> 0 | Q9: =IF(L9="","",IF(L9="Gana",3,IF(L9="Empata",1,0))) -> 1 | R9: =IF(L9="","",IF(L9="Pierde",3,IF(L9="Empata",1,0))) -> 1 | S9: https://github.com/jfjelstul/worldcup
A10: M-2018-05 | B10: 2018 | C10: Fase de grupos | D10: C | E10: 1 | F10: 43267 | G10: France | H10: Australia | I10: 2 | J10: 1 | K10: =IF(OR(I10="",J10=""),"",I10&"-"&J10) -> 2-1 | L10: =IF(OR(I10="",J10=""),"",IF(I10>J10,"Gana",IF(I10=J10,"Empata","Pierde"))) -> Gana | M10: =FALSE() -> FALSE | N10: =FALSE() -> FALSE | O10: =IF(OR(I10="",J10=""),"",I10+J10) -> 3 | P10: =IF(OR(I10="",J10=""),"",I10-J10) -> 1 | Q10: =IF(L10="","",IF(L10="Gana",3,IF(L10="Empata",1,0))) -> 3 | R10: =IF(L10="","",IF(L10="Pierde",3,IF(L10="Empata",1,0))) -> 0 | S10: https://github.com/jfjelstul/worldcup
A11: M-2018-06 | B11: 2018 | C11: Fase de grupos | D11: D | E11: 1 | F11: 43267 | G11: Argentina | H11: Iceland | I11: 1 | J11: 1 | K11: =IF(OR(I11="",J11=""),"",I11&"-"&J11) -> 1-1 | L11: =IF(OR(I11="",J11=""),"",IF(I11>J11,"Gana",IF(I11=J11,"Empata","Pierde"))) -> Empata | M11: =FALSE() -> FALSE | N11: =FALSE() -> FALSE | O11: =IF(OR(I11="",J11=""),"",I11+J11) -> 2 | P11: =IF(OR(I11="",J11=""),"",I11-J11) -> 0 | Q11: =IF(L11="","",IF(L11="Gana",3,IF(L11="Empata",1,0))) -> 1 | R11: =IF(L11="","",IF(L11="Pierde",3,IF(L11="Empata",1,0))) -> 1 | S11: https://github.com/jfjelstul/worldcup
A12: M-2018-07 | B12: 2018 | C12: Fase de grupos | D12: C | E12: 1 | F12: 43267 | G12: Peru | H12: Denmark | I12: 0 | J12: 1 | K12: =IF(OR(I12="",J12=""),"",I12&"-"&J12) -> 0-1 | L12: =IF(OR(I12="",J12=""),"",IF(I12>J12,"Gana",IF(I12=J12,"Empata","Pierde"))) -> Pierde | M12: =FALSE() -> FALSE | N12: =FALSE() -> FALSE | O12: =IF(OR(I12="",J12=""),"",I12+J12) -> 1 | P12: =IF(OR(I12="",J12=""),"",I12-J12) -> -1 | Q12: =IF(L12="","",IF(L12="Gana",3,IF(L12="Empata",1,0))) -> 0 | R12: =IF(L12="","",IF(L12="Pierde",3,IF(L12="Empata",1,0))) -> 3 | S12: https://github.com/jfjelstul/worldcup
A13: M-2018-08 | B13: 2018 | C13: Fase de grupos | D13: D | E13: 1 | F13: 43267 | G13: Croatia | H13: Nigeria | I13: 2 | J13: 0 | K13: =IF(OR(I13="",J13=""),"",I13&"-"&J13) -> 2-0 | L13: =IF(OR(I13="",J13=""),"",IF(I13>J13,"Gana",IF(I13=J13,"Empata","Pierde"))) -> Gana | M13: =FALSE() -> FALSE | N13: =FALSE() -> FALSE | O13: =IF(OR(I13="",J13=""),"",I13+J13) -> 2 | P13: =IF(OR(I13="",J13=""),"",I13-J13) -> 2 | Q13: =IF(L13="","",IF(L13="Gana",3,IF(L13="Empata",1,0))) -> 3 | R13: =IF(L13="","",IF(L13="Pierde",3,IF(L13="Empata",1,0))) -> 0 | S13: https://github.com/jfjelstul/worldcup
A14: M-2018-09 | B14: 2018 | C14: Fase de grupos | D14: E | E14: 1 | F14: 43268 | G14: Costa Rica | H14: Serbia | I14: 0 | J14: 1 | K14: =IF(OR(I14="",J14=""),"",I14&"-"&J14) -> 0-1 | L14: =IF(OR(I14="",J14=""),"",IF(I14>J14,"Gana",IF(I14=J14,"Empata","Pierde"))) -> Pierde | M14: =FALSE() -> FALSE | N14: =FALSE() -> FALSE | O14: =IF(OR(I14="",J14=""),"",I14+J14) -> 1 | P14: =IF(OR(I14="",J14=""),"",I14-J14) -> -1 | Q14: =IF(L14="","",IF(L14="Gana",3,IF(L14="Empata",1,0))) -> 0 | R14: =IF(L14="","",IF(L14="Pierde",3,IF(L14="Empata",1,0))) -> 3 | S14: https://github.com/jfjelstul/worldcup
A15: M-2018-10 | B15: 2018 | C15: Fase de grupos | D15: F | E15: 1 | F15: 43268 | G15: Germany | H15: Mexico | I15: 0 | J15: 1 | K15: =IF(OR(I15="",J15=""),"",I15&"-"&J15) -> 0-1 | L15: =IF(OR(I15="",J15=""),"",IF(I15>J15,"Gana",IF(I15=J15,"Empata","Pierde"))) -> Pierde | M15: =FALSE() -> FALSE | N15: =FALSE() -> FALSE | O15: =IF(OR(I15="",J15=""),"",I15+J15) -> 1 | P15: =IF(OR(I15="",J15=""),"",I15-J15) -> -1 | Q15: =IF(L15="","",IF(L15="Gana",3,IF(L15="Empata",1,0))) -> 0 | R15: =IF(L15="","",IF(L15="Pierde",3,IF(L15="Empata",1,0))) -> 3 | S15: https://github.com/jfjelstul/worldcup
A16: M-2018-11 | B16: 2018 | C16: Fase de grupos | D16: E | E16: 1 | F16: 43268 | G16: Brazil | H16: Switzerland | I16: 1 | J16: 1 | K16: =IF(OR(I16="",J16=""),"",I16&"-"&J16) -> 1-1 | L16: =IF(OR(I16="",J16=""),"",IF(I16>J16,"Gana",IF(I16=J16,"Empata","Pierde"))) -> Empata | M16: =FALSE() -> FALSE | N16: =FALSE() -> FALSE | O16: =IF(OR(I16="",J16=""),"",I16+J16) -> 2 | P16: =IF(OR(I16="",J16=""),"",I16-J16) -> 0 | Q16: =IF(L16="","",IF(L16="Gana",3,IF(L16="Empata",1,0))) -> 1 | R16: =IF(L16="","",IF(L16="Pierde",3,IF(L16="Empata",1,0))) -> 1 | S16: https://github.com/jfjelstul/worldcup
A17: M-2018-12 | B17: 2018 | C17: Fase de grupos | D17: F | E17: 1 | F17: 43269 | G17: Sweden | H17: South Korea | I17: 1 | J17: 0 | K17: =IF(OR(I17="",J17=""),"",I17&"-"&J17) -> 1-0 | L17: =IF(OR(I17="",J17=""),"",IF(I17>J17,"Gana",IF(I17=J17,"Empata","Pierde"))) -> Gana | M17: =FALSE() -> FALSE | N17: =FALSE() -> FALSE | O17: =IF(OR(I17="",J17=""),"",I17+J17) -> 1 | P17: =IF(OR(I17="",J17=""),"",I17-J17) -> 1 | Q17: =IF(L17="","",IF(L17="Gana",3,IF(L17="Empata",1,0))) -> 3 | R17: =IF(L17="","",IF(L17="Pierde",3,IF(L17="Empata",1,0))) -> 0 | S17: https://github.com/jfjelstul/worldcup
A18: M-2018-13 | B18: 2018 | C18: Fase de grupos | D18: G | E18: 1 | F18: 43269 | G18: Belgium | H18: Panama | I18: 3 | J18: 0 | K18: =IF(OR(I18="",J18=""),"",I18&"-"&J18) -> 3-0 | L18: =IF(OR(I18="",J18=""),"",IF(I18>J18,"Gana",IF(I18=J18,"Empata","Pierde"))) -> Gana | M18: =FALSE() -> FALSE | N18: =FALSE() -> FALSE | O18: =IF(OR(I18="",J18=""),"",I18+J18) -> 3 | P18: =IF(OR(I18="",J18=""),"",I18-J18) -> 3 | Q18: =IF(L18="","",IF(L18="Gana",3,IF(L18="Empata",1,0))) -> 3 | R18: =IF(L18="","",IF(L18="Pierde",3,IF(L18="Empata",1,0))) -> 0 | S18: https://github.com/jfjelstul/worldcup
... A21: M-2018-16 | B21: 2018 | C21: Fase de grupos | D21: H | E21: 1 | F21: 43270 | G21: Poland | H21: Senegal | I21: 1 | J21: 2 | K21: =IF(OR(I21="",J21=""),"",I21&"-"&J21) -> 1-2 | L21: =IF(OR(I21="",J21=""),"",IF(I21>J21,"Gana",IF(I21=J21,"Empata","Pierde"))) -> Pierde | M21: =FALSE() -> FALSE | N21: =FALSE() -> FALSE | O21: =IF(OR(I21="",J21=""),"",I21+J21) -> 3 | P21: =IF(OR(I21="",J21=""),"",I21-J21) -> -1 | Q21: =IF(L21="","",IF(L21="Gana",3,IF(L21="Empata",1,0))) -> 0 | R21: =IF(L21="","",IF(L21="Pierde",3,IF(L21="Empata",1,0))) -> 3 | S21: https://github.com/jfjelstul/worldcup
A22: M-2018-17 | B22: 2018 | C22: Fase de grupos | D22: A | E22: 2 | F22: 43270 | G22: Russia | H22: Egypt | I22: 3 | J22: 1 | K22: =IF(OR(I22="",J22=""),"",I22&"-"&J22) -> 3-1 | L22: =IF(OR(I22="",J22=""),"",IF(I22>J22,"Gana",IF(I22=J22,"Empata","Pierde"))) -> Gana | M22: =TRUE() -> TRUE | N22: =FALSE() -> FALSE | O22: =IF(OR(I22="",J22=""),"",I22+J22) -> 4 | P22: =IF(OR(I22="",J22=""),"",I22-J22) -> 2 | Q22: =IF(L22="","",IF(L22="Gana",3,IF(L22="Empata",1,0))) -> 3 | R22: =IF(L22="","",IF(L22="Pierde",3,IF(L22="Empata",1,0))) -> 0 | S22: https://github.com/jfjelstul/worldcup
A23: M-2018-18 | B23: 2018 | C23: Fase de grupos | D23: B | E23: 2 | F23: 43271 | G23: Portugal | H23: Morocco | I23: 1 | J23: 0 | K23: =IF(OR(I23="",J23=""),"",I23&"-"&J23) -> 1-0 | L23: =IF(OR(I23="",J23=""),"",IF(I23>J23,"Gana",IF(I23=J23,"Empata","Pierde"))) -> Gana | M23: =FALSE() -> FALSE | N23: =FALSE() -> FALSE | O23: =IF(OR(I23="",J23=""),"",I23+J23) -> 1 | P23: =IF(OR(I23="",J23=""),"",I23-J23) -> 1 | Q23: =IF(L23="","",IF(L23="Gana",3,IF(L23="Empata",1,0))) -> 3 | R23: =IF(L23="","",IF(L23="Pierde",3,IF(L23="Empata",1,0))) -> 0 | S23: https://github.com/jfjelstul/worldcup
A24: M-2018-19 | B24: 2018 | C24: Fase de grupos | D24: A | E24: 2 | F24: 43271 | G24: Uruguay | H24: Saudi Arabia | I24: 1 | J24: 0 | K24: =IF(OR(I24="",J24=""),"",I24&"-"&J24) -> 1-0 | L24: =IF(OR(I24="",J24=""),"",IF(I24>J24,"Gana",IF(I24=J24,"Empata","Pierde"))) -> Gana | M24: =FALSE() -> FALSE | N24: =FALSE() -> FALSE | O24: =IF(OR(I24="",J24=""),"",I24+J24) -> 1 | P24: =IF(OR(I24="",J24=""),"",I24-J24) -> 1 | Q24: =IF(L24="","",IF(L24="Gana",3,IF(L24="Empata",1,0))) -> 3 | R24: =IF(L24="","",IF(L24="Pierde",3,IF(L24="Empata",1,0))) -> 0 | S24: https://github.com/jfjelstul/worldcup
A25: M-2018-20 | B25: 2018 | C25: Fase de grupos | D25: B | E25: 2 | F25: 43271 | G25: Iran | H25: Spain | I25: 0 | J25: 1 | K25: =IF(OR(I25="",J25=""),"",I25&"-"&J25) -> 0-1 | L25: =IF(OR(I25="",J25=""),"",IF(I25>J25,"Gana",IF(I25=J25,"Empata","Pierde"))) -> Pierde | M25: =FALSE() -> FALSE | N25: =FALSE() -> FALSE | O25: =IF(OR(I25="",J25=""),"",I25+J25) -> 1 | P25: =IF(OR(I25="",J25=""),"",I25-J25) -> -1 | Q25: =IF(L25="","",IF(L25="Gana",3,IF(L25="Empata",1,0))) -> 0 | R25: =IF(L25="","",IF(L25="Pierde",3,IF(L25="Empata",1,0))) -> 3 | S25: https://github.com/jfjelstul/worldcup
A26: M-2018-21 | B26: 2018 | C26: Fase de grupos | D26: C | E26: 2 | F26: 43272 | G26: Denmark | H26: Australia | I26: 1 | J26: 1 | K26: =IF(OR(I26="",J26=""),"",I26&"-"&J26) -> 1-1 | L26: =IF(OR(I26="",J26=""),"",IF(I26>J26,"Gana",IF(I26=J26,"Empata","Pierde"))) -> Empata | M26: =FALSE() -> FALSE | N26: =FALSE() -> FALSE | O26: =IF(OR(I26="",J26=""),"",I26+J26) -> 2 | P26: =IF(OR(I26="",J26=""),"",I26-J26) -> 0 | Q26: =IF(L26="","",IF(L26="Gana",3,IF(L26="Empata",1,0))) -> 1 | R26: =IF(L26="","",IF(L26="Pierde",3,IF(L26="Empata",1,0))) -> 1 | S26: https://github.com/jfjelstul/worldcup
A27: M-2018-22 | B27: 2018 | C27: Fase de grupos | D27: C | E27: 2 | F27: 43272 | G27: France | H27: Peru | I27: 1 | J27: 0 | K27: =IF(OR(I27="",J27=""),"",I27&"-"&J27) -> 1-0 | L27: =IF(OR(I27="",J27=""),"",IF(I27>J27,"Gana",IF(I27=J27,"Empata","Pierde"))) -> Gana | M27: =FALSE() -> FALSE | N27: =FALSE() -> FALSE | O27: =IF(OR(I27="",J27=""),"",I27+J27) -> 1 | P27: =IF(OR(I27="",J27=""),"",I27-J27) -> 1 | Q27: =IF(L27="","",IF(L27="Gana",3,IF(L27="Empata",1,0))) -> 3 | R27: =IF(L27="","",IF(L27="Pierde",3,IF(L27="Empata",1,0))) -> 0 | S27: https://github.com/jfjelstul/worldcup
A28: M-2018-23 | B28: 2018 | C28: Fase de grupos | D28: D | E28: 2 | F28: 43272 | G28: Argentina | H28: Croatia | I28: 0 | J28: 3 | K28: =IF(OR(I28="",J28=""),"",I28&"-"&J28) -> 0-3 | L28: =IF(OR(I28="",J28=""),"",IF(I28>J28,"Gana",IF(I28=J28,"Empata","Pierde"))) -> Pierde | M28: =FALSE() -> FALSE | N28: =FALSE() -> FALSE | O28: =IF(OR(I28="",J28=""),"",I28+J28) -> 3 | P28: =IF(OR(I28="",J28=""),"",I28-J28) -> -3 | Q28: =IF(L28="","",IF(L28="Gana",3,IF(L28="Empata",1,0))) -> 0 | R28: =IF(L28="","",IF(L28="Pierde",3,IF(L28="Empata",1,0))) -> 3 | S28: https://github.com/jfjelstul/worldcup
A29: M-2018-24 | B29: 2018 | C29: Fase de grupos | D29: E | E29: 2 | F29: 43273 | G29: Brazil | H29: Costa Rica | I29: 2 | J29: 0 | K29: =IF(OR(I29="",J29=""),"",I29&"-"&J29) -> 2-0 | L29: =IF(OR(I29="",J29=""),"",IF(I29>J29,"Gana",IF(I29=J29,"Empata","Pierde"))) -> Gana | M29: =FALSE() -> FALSE | N29: =FALSE() -> FALSE | O29: =IF(OR(I29="",J29=""),"",I29+J29) -> 2 | P29: =IF(OR(I29="",J29=""),"",I29-J29) -> 2 | Q29: =IF(L29="","",IF(L29="Gana",3,IF(L29="Empata",1,0))) -> 3 | R29: =IF(L29="","",IF(L29="Pierde",3,IF(L29="Empata",1,0))) -> 0 | S29: https://github.com/jfjelstul/worldcup
A30: M-2018-25 | B30: 2018 | C30: Fase de grupos | D30: D | E30: 2 | F30: 43273 | G30: Nigeria | H30: Iceland | I30: 2 | J30: 0 | K30: =IF(OR(I30="",J30=""),"",I30&"-"&J30) -> 2-0 | L30: =IF(OR(I30="",J30=""),"",IF(I30>J30,"Gana",IF(I30=J30,"Empata","Pierde"))) -> Gana | M30: =FALSE() -> FALSE | N30: =FALSE() -> FALSE | O30: =IF(OR(I30="",J30=""),"",I30+J30) -> 2 | P30: =IF(OR(I30="",J30=""),"",I30-J30) -> 2 | Q30: =IF(L30="","",IF(L30="Gana",3,IF(L30="Empata",1,0))) -> 3 | R30: =IF(L30="","",IF(L30="Pierde",3,IF(L30="Empata",1,0))) -> 0 | S30: https://github.com/jfjelstul/worldcup
A31: M-2018-26 | B31: 2018 | C31: Fase de grupos | D31: E | E31: 2 | F31: 43273 | G31: Serbia | H31: Switzerland | I31: 1 | J31: 2 | K31: =IF(OR(I31="",J31=""),"",I31&"-"&J31) -> 1-2 | L31: =IF(OR(I31="",J31=""),"",IF(I31>J31,"Gana",IF(I31=J31,"Empata","Pierde"))) -> Pierde | M31: =FALSE() -> FALSE | N31: =FALSE() -> FALSE | O31: =IF(OR(I31="",J31=""),"",I31+J31) -> 3 | P31: =IF(OR(I31="",J31=""),"",I31-J31) -> -1 | Q31: =IF(L31="","",IF(L31="Gana",3,IF(L31="Empata",1,0))) -> 0 | R31: =IF(L31="","",IF(L31="Pierde",3,IF(L31="Empata",1,0))) -> 3 | S31: https://github.com/jfjelstul/worldcup
A32: M-2018-27 | B32: 2018 | C32: Fase de grupos | D32: G | E32: 2 | F32: 43274 | G32: Belgium | H32: Tunisia | I32: 5 | J32: 2 | K32: =IF(OR(I32="",J32=""),"",I32&"-"&J32) -> 5-2 | L32: =IF(OR(I32="",J32=""),"",IF(I32>J32,"Gana",IF(I32=J32,"Empata","Pierde"))) -> Gana | M32: =FALSE() -> FALSE | N32: =FALSE() -> FALSE | O32: =IF(OR(I32="",J32=""),"",I32+J32) -> 7 | P32: =IF(OR(I32="",J32=""),"",I32-J32) -> 3 | Q32: =IF(L32="","",IF(L32="Gana",3,IF(L32="Empata",1,0))) -> 3 | R32: =IF(L32="","",IF(L32="Pierde",3,IF(L32="Empata",1,0))) -> 0 | S32: https://github.com/jfjelstul/worldcup
A33: M-2018-28 | B33: 2018 | C33: Fase de grupos | D33: F | E33: 2 | F33: 43274 | G33: South Korea | H33: Mexico | I33: 1 | J33: 2 | K33: =IF(OR(I33="",J33=""),"",I33&"-"&J33) -> 1-2 | L33: =IF(OR(I33="",J33=""),"",IF(I33>J33,"Gana",IF(I33=J33,"Empata","Pierde"))) -> Pierde | M33: =FALSE() -> FALSE | N33: =FALSE() -> FALSE | O33: =IF(OR(I33="",J33=""),"",I33+J33) -> 3 | P33: =IF(OR(I33="",J33=""),"",I33-J33) -> -1 | Q33: =IF(L33="","",IF(L33="Gana",3,IF(L33="Empata",1,0))) -> 0 | R33: =IF(L33="","",IF(L33="Pierde",3,IF(L33="Empata",1,0))) -> 3 | S33: https://github.com/jfjelstul/worldcup
A34: M-2018-29 | B34: 2018 | C34: Fase de grupos | D34: F | E34: 2 | F34: 43274 | G34: Germany | H34: Sweden | I34: 2 | J34: 1 | K34: =IF(OR(I34="",J34=""),"",I34&"-"&J34) -> 2-1 | L34: =IF(OR(I34="",J34=""),"",IF(I34>J34,"Gana",IF(I34=J34,"Empata","Pierde"))) -> Gana | M34: =FALSE() -> FALSE | N34: =FALSE() -> FALSE | O34: =IF(OR(I34="",J34=""),"",I34+J34) -> 3 | P34: =IF(OR(I34="",J34=""),"",I34-J34) -> 1 | Q34: =IF(L34="","",IF(L34="Gana",3,IF(L34="Empata",1,0))) -> 3 | R34: =IF(L34="","",IF(L34="Pierde",3,IF(L34="Empata",1,0))) -> 0 | S34: https://github.com/jfjelstul/worldcup
... A38: M-2018-33 | B38: 2018 | C38: Fase de grupos | D38: A | E38: 3 | F38: 43276 | G38: Saudi Arabia | H38: Egypt | I38: 2 | J38: 1 | K38: =IF(OR(I38="",J38=""),"",I38&"-"&J38) -> 2-1 | L38: =IF(OR(I38="",J38=""),"",IF(I38>J38,"Gana",IF(I38=J38,"Empata","Pierde"))) -> Gana | M38: =FALSE() -> FALSE | N38: =FALSE() -> FALSE | O38: =IF(OR(I38="",J38=""),"",I38+J38) -> 3 | P38: =IF(OR(I38="",J38=""),"",I38-J38) -> 1 | Q38: =IF(L38="","",IF(L38="Gana",3,IF(L38="Empata",1,0))) -> 3 | R38: =IF(L38="","",IF(L38="Pierde",3,IF(L38="Empata",1,0))) -> 0 | S38: https://github.com/jfjelstul/worldcup
A39: M-2018-34 | B39: 2018 | C39: Fase de grupos | D39: A | E39: 3 | F39: 43276 | G39: Uruguay | H39: Russia | I39: 3 | J39: 0 | K39: =IF(OR(I39="",J39=""),"",I39&"-"&J39) -> 3-0 | L39: =IF(OR(I39="",J39=""),"",IF(I39>J39,"Gana",IF(I39=J39,"Empata","Pierde"))) -> Gana | M39: =FALSE() -> FALSE | N39: =TRUE() -> TRUE | O39: =IF(OR(I39="",J39=""),"",I39+J39) -> 3 | P39: =IF(OR(I39="",J39=""),"",I39-J39) -> 3 | Q39: =IF(L39="","",IF(L39="Gana",3,IF(L39="Empata",1,0))) -> 3 | R39: =IF(L39="","",IF(L39="Pierde",3,IF(L39="Empata",1,0))) -> 0 | S39: https://github.com/jfjelstul/worldcup
A40: M-2018-35 | B40: 2018 | C40: Fase de grupos | D40: B | E40: 3 | F40: 43276 | G40: Spain | H40: Morocco | I40: 2 | J40: 2 | K40: =IF(OR(I40="",J40=""),"",I40&"-"&J40) -> 2-2 | L40: =IF(OR(I40="",J40=""),"",IF(I40>J40,"Gana",IF(I40=J40,"Empata","Pierde"))) -> Empata | M40: =FALSE() -> FALSE | N40: =FALSE() -> FALSE | O40: =IF(OR(I40="",J40=""),"",I40+J40) -> 4 | P40: =IF(OR(I40="",J40=""),"",I40-J40) -> 0 | Q40: =IF(L40="","",IF(L40="Gana",3,IF(L40="Empata",1,0))) -> 1 | R40: =IF(L40="","",IF(L40="Pierde",3,IF(L40="Empata",1,0))) -> 1 | S40: https://github.com/jfjelstul/worldcup
A41: M-2018-36 | B41: 2018 | C41: Fase de grupos | D41: B | E41: 3 | F41: 43276 | G41: Iran | H41: Portugal | I41: 1 | J41: 1 | K41: =IF(OR(I41="",J41=""),"",I41&"-"&J41) -> 1-1 | L41: =IF(OR(I41="",J41=""),"",IF(I41>J41,"Gana",IF(I41=J41,"Empata","Pierde"))) -> Empata | M41: =FALSE() -> FALSE | N41: =FALSE() -> FALSE | O41: =IF(OR(I41="",J41=""),"",I41+J41) -> 2 | P41: =IF(OR(I41="",J41=""),"",I41-J41) -> 0 | Q41: =IF(L41="","",IF(L41="Gana",3,IF(L41="Empata",1,0))) -> 1 | R41: =IF(L41="","",IF(L41="Pierde",3,IF(L41="Empata",1,0))) -> 1 | S41: https://github.com/jfjelstul/worldcup
A42: M-2018-37 | B42: 2018 | C42: Fase de grupos | D42: C | E42: 3 | F42: 43277 | G42: Australia | H42: Peru | I42: 0 | J42: 2 | K42: =IF(OR(I42="",J42=""),"",I42&"-"&J42) -> 0-2 | L42: =IF(OR(I42="",J42=""),"",IF(I42>J42,"Gana",IF(I42=J42,"Empata","Pierde"))) -> Pierde | M42: =FALSE() -> FALSE | N42: =FALSE() -> FALSE | O42: =IF(OR(I42="",J42=""),"",I42+J42) -> 2 | P42: =IF(OR(I42="",J42=""),"",I42-J42) -> -2 | Q42: =IF(L42="","",IF(L42="Gana",3,IF(L42="Empata",1,0))) -> 0 | R42: =IF(L42="","",IF(L42="Pierde",3,IF(L42="Empata",1,0))) -> 3 | S42: https://github.com/jfjelstul/worldcup
A43: M-2018-38 | B43: 2018 | C43: Fase de grupos | D43: C | E43: 3 | F43: 43277 | G43: Denmark | H43: France | I43: 0 | J43: 0 | K43: =IF(OR(I43="",J43=""),"",I43&"-"&J43) -> 0-0 | L43: =IF(OR(I43="",J43=""),"",IF(I43>J43,"Gana",IF(I43=J43,"Empata","Pierde"))) -> Empata | M43: =FALSE() -> FALSE | N43: =FALSE() -> FALSE | O43: =IF(OR(I43="",J43=""),"",I43+J43) -> 0 | P43: =IF(OR(I43="",J43=""),"",I43-J43) -> 0 | Q43: =IF(L43="","",IF(L43="Gana",3,IF(L43="Empata",1,0))) -> 1 | R43: =IF(L43="","",IF(L43="Pierde",3,IF(L43="Empata",1,0))) -> 1 | S43: https://github.com/jfjelstul/worldcup
A44: M-2018-39 | B44: 2018 | C44: Fase de grupos | D44: D | E44: 3 | F44: 43277 | G44: Iceland | H44: Croatia | I44: 1 | J44: 2 | K44: =IF(OR(I44="",J44=""),"",I44&"-"&J44) -> 1-2 | L44: =IF(OR(I44="",J44=""),"",IF(I44>J44,"Gana",IF(I44=J44,"Empata","Pierde"))) -> Pierde | M44: =FALSE() -> FALSE | N44: =FALSE() -> FALSE | O44: =IF(OR(I44="",J44=""),"",I44+J44) -> 3 | P44: =IF(OR(I44="",J44=""),"",I44-J44) -> -1 | Q44: =IF(L44="","",IF(L44="Gana",3,IF(L44="Empata",1,0))) -> 0 | R44: =IF(L44="","",IF(L44="Pierde",3,IF(L44="Empata",1,0))) -> 3 | S44: https://github.com/jfjelstul/worldcup
A45: M-2018-40 | B45: 2018 | C45: Fase de grupos | D45: D | E45: 3 | F45: 43277 | G45: Nigeria | H45: Argentina | I45: 1 | J45: 2 | K45: =IF(OR(I45="",J45=""),"",I45&"-"&J45) -> 1-2 | L45: =IF(OR(I45="",J45=""),"",IF(I45>J45,"Gana",IF(I45=J45,"Empata","Pierde"))) -> Pierde | M45: =FALSE() -> FALSE | N45: =FALSE() -> FALSE | O45: =IF(OR(I45="",J45=""),"",I45+J45) -> 3 | P45: =IF(OR(I45="",J45=""),"",I45-J45) -> -1 | Q45: =IF(L45="","",IF(L45="Gana",3,IF(L45="Empata",1,0))) -> 0 | R45: =IF(L45="","",IF(L45="Pierde",3,IF(L45="Empata",1,0))) -> 3 | S45: https://github.com/jfjelstul/worldcup
A46: M-2018-41 | B46: 2018 | C46: Fase de grupos | D46: F | E46: 3 | F46: 43278 | G46: South Korea | H46: Germany | I46: 2 | J46: 0 | K46: =IF(OR(I46="",J46=""),"",I46&"-"&J46) -> 2-0 | L46: =IF(OR(I46="",J46=""),"",IF(I46>J46,"Gana",IF(I46=J46,"Empata","Pierde"))) -> Gana | M46: =FALSE() -> FALSE | N46: =FALSE() -> FALSE | O46: =IF(OR(I46="",J46=""),"",I46+J46) -> 2 | P46: =IF(OR(I46="",J46=""),"",I46-J46) -> 2 | Q46: =IF(L46="","",IF(L46="Gana",3,IF(L46="Empata",1,0))) -> 3 | R46: =IF(L46="","",IF(L46="Pierde",3,IF(L46="Empata",1,0))) -> 0 | S46: https://github.com/jfjelstul/worldcup
A47: M-2018-42 | B47: 2018 | C47: Fase de grupos | D47: F | E47: 3 | F47: 43278 | G47: Mexico | H47: Sweden | I47: 0 | J47: 3 | K47: =IF(OR(I47="",J47=""),"",I47&"-"&J47) -> 0-3 | L47: =IF(OR(I47="",J47=""),"",IF(I47>J47,"Gana",IF(I47=J47,"Empata","Pierde"))) -> Pierde | M47: =FALSE() -> FALSE | N47: =FALSE() -> FALSE | O47: =IF(OR(I47="",J47=""),"",I47+J47) -> 3 | P47: =IF(OR(I47="",J47=""),"",I47-J47) -> -3 | Q47: =IF(L47="","",IF(L47="Gana",3,IF(L47="Empata",1,0))) -> 0 | R47: =IF(L47="","",IF(L47="Pierde",3,IF(L47="Empata",1,0))) -> 3 | S47: https://github.com/jfjelstul/worldcup
A48: M-2018-43 | B48: 2018 | C48: Fase de grupos | D48: E | E48: 3 | F48: 43278 | G48: Serbia | H48: Brazil | I48: 0 | J48: 2 | K48: =IF(OR(I48="",J48=""),"",I48&"-"&J48) -> 0-2 | L48: =IF(OR(I48="",J48=""),"",IF(I48>J48,"Gana",IF(I48=J48,"Empata","Pierde"))) -> Pierde | M48: =FALSE() -> FALSE | N48: =FALSE() -> FALSE | O48: =IF(OR(I48="",J48=""),"",I48+J48) -> 2 | P48: =IF(OR(I48="",J48=""),"",I48-J48) -> -2 | Q48: =IF(L48="","",IF(L48="Gana",3,IF(L48="Empata",1,0))) -> 0 | R48: =IF(L48="","",IF(L48="Pierde",3,IF(L48="Empata",1,0))) -> 3 | S48: https://github.com/jfjelstul/worldcup
A49: M-2018-44 | B49: 2018 | C49: Fase de grupos | D49: E | E49: 3 | F49: 43278 | G49: Switzerland | H49: Costa Rica | I49: 2 | J49: 2 | K49: =IF(OR(I49="",J49=""),"",I49&"-"&J49) -> 2-2 | L49: =IF(OR(I49="",J49=""),"",IF(I49>J49,"Gana",IF(I49=J49,"Empata","Pierde"))) -> Empata | M49: =FALSE() -> FALSE | N49: =FALSE() -> FALSE | O49: =IF(OR(I49="",J49=""),"",I49+J49) -> 4 | P49: =IF(OR(I49="",J49=""),"",I49-J49) -> 0 | Q49: =IF(L49="","",IF(L49="Gana",3,IF(L49="Empata",1,0))) -> 1 | R49: =IF(L49="","",IF(L49="Pierde",3,IF(L49="Empata",1,0))) -> 1 | S49: https://github.com/jfjelstul/worldcup
A50: M-2018-45 | B50: 2018 | C50: Fase de grupos | D50: H | E50: 3 | F50: 43279 | G50: Japan | H50: Poland | I50: 0 | J50: 1 | K50: =IF(OR(I50="",J50=""),"",I50&"-"&J50) -> 0-1 | L50: =IF(OR(I50="",J50=""),"",IF(I50>J50,"Gana",IF(I50=J50,"Empata","Pierde"))) -> Pierde | M50: =FALSE() -> FALSE | N50: =FALSE() -> FALSE | O50: =IF(OR(I50="",J50=""),"",I50+J50) -> 1 | P50: =IF(OR(I50="",J50=""),"",I50-J50) -> -1 | Q50: =IF(L50="","",IF(L50="Gana",3,IF(L50="Empata",1,0))) -> 0 | R50: =IF(L50="","",IF(L50="Pierde",3,IF(L50="Empata",1,0))) -> 3 | S50: https://github.com/jfjelstul/worldcup
A51: M-2018-46 | B51: 2018 | C51: Fase de grupos | D51: H | E51: 3 | F51: 43279 | G51: Senegal | H51: Colombia | I51: 0 | J51: 1 | K51: =IF(OR(I51="",J51=""),"",I51&"-"&J51) -> 0-1 | L51: =IF(OR(I51="",J51=""),"",IF(I51>J51,"Gana",IF(I51=J51,"Empata","Pierde"))) -> Pierde | M51: =FALSE() -> FALSE | N51: =FALSE() -> FALSE | O51: =IF(OR(I51="",J51=""),"",I51+J51) -> 1 | P51: =IF(OR(I51="",J51=""),"",I51-J51) -> -1 | Q51: =IF(L51="","",IF(L51="Gana",3,IF(L51="Empata",1,0))) -> 0 | R51: =IF(L51="","",IF(L51="Pierde",3,IF(L51="Empata",1,0))) -> 3 | S51: https://github.com/jfjelstul/worldcup
... A53: M-2018-48 | B53: 2018 | C53: Fase de grupos | D53: G | E53: 3 | F53: 43279 | G53: Panama | H53: Tunisia | I53: 1 | J53: 2 | K53: =IF(OR(I53="",J53=""),"",I53&"-"&J53) -> 1-2 | L53: =IF(OR(I53="",J53=""),"",IF(I53>J53,"Gana",IF(I53=J53,"Empata","Pierde"))) -> Pierde | M53: =FALSE() -> FALSE | N53: =FALSE() -> FALSE | O53: =IF(OR(I53="",J53=""),"",I53+J53) -> 3 | P53: =IF(OR(I53="",J53=""),"",I53-J53) -> -1 | Q53: =IF(L53="","",IF(L53="Gana",3,IF(L53="Empata",1,0))) -> 0 | R53: =IF(L53="","",IF(L53="Pierde",3,IF(L53="Empata",1,0))) -> 3 | S53: https://github.com/jfjelstul/worldcup
A54: M-2022-01 | B54: 2022 | C54: Fase de grupos | D54: A | E54: 1 | F54: 44885 | G54: Qatar | H54: Ecuador | I54: 0 | J54: 2 | K54: =IF(OR(I54="",J54=""),"",I54&"-"&J54) -> 0-2 | L54: =IF(OR(I54="",J54=""),"",IF(I54>J54,"Gana",IF(I54=J54,"Empata","Pierde"))) -> Pierde | M54: =TRUE() -> TRUE | N54: =FALSE() -> FALSE | O54: =IF(OR(I54="",J54=""),"",I54+J54) -> 2 | P54: =IF(OR(I54="",J54=""),"",I54-J54) -> -2 | Q54: =IF(L54="","",IF(L54="Gana",3,IF(L54="Empata",1,0))) -> 0 | R54: =IF(L54="","",IF(L54="Pierde",3,IF(L54="Empata",1,0))) -> 3 | S54: https://github.com/jfjelstul/worldcup
A55: M-2022-02 | B55: 2022 | C55: Fase de grupos | D55: B | E55: 1 | F55: 44886 | G55: England | H55: Iran | I55: 6 | J55: 2 | K55: =IF(OR(I55="",J55=""),"",I55&"-"&J55) -> 6-2 | L55: =IF(OR(I55="",J55=""),"",IF(I55>J55,"Gana",IF(I55=J55,"Empata","Pierde"))) -> Gana | M55: =FALSE() -> FALSE | N55: =FALSE() -> FALSE | O55: =IF(OR(I55="",J55=""),"",I55+J55) -> 8 | P55: =IF(OR(I55="",J55=""),"",I55-J55) -> 4 | Q55: =IF(L55="","",IF(L55="Gana",3,IF(L55="Empata",1,0))) -> 3 | R55: =IF(L55="","",IF(L55="Pierde",3,IF(L55="Empata",1,0))) -> 0 | S55: https://github.com/jfjelstul/worldcup
A56: M-2022-03 | B56: 2022 | C56: Fase de grupos | D56: A | E56: 1 | F56: 44886 | G56: Senegal | H56: Netherlands | I56: 0 | J56: 2 | K56: =IF(OR(I56="",J56=""),"",I56&"-"&J56) -> 0-2 | L56: =IF(OR(I56="",J56=""),"",IF(I56>J56,"Gana",IF(I56=J56,"Empata","Pierde"))) -> Pierde | M56: =FALSE() -> FALSE | N56: =FALSE() -> FALSE | O56: =IF(OR(I56="",J56=""),"",I56+J56) -> 2 | P56: =IF(OR(I56="",J56=""),"",I56-J56) -> -2 | Q56: =IF(L56="","",IF(L56="Gana",3,IF(L56="Empata",1,0))) -> 0 | R56: =IF(L56="","",IF(L56="Pierde",3,IF(L56="Empata",1,0))) -> 3 | S56: https://github.com/jfjelstul/worldcup
A57: M-2022-04 | B57: 2022 | C57: Fase de grupos | D57: B | E57: 1 | F57: 44886 | G57: United States | H57: Wales | I57: 1 | J57: 1 | K57: =IF(OR(I57="",J57=""),"",I57&"-"&J57) -> 1-1 | L57: =IF(OR(I57="",J57=""),"",IF(I57>J57,"Gana",IF(I57=J57,"Empata","Pierde"))) -> Empata | M57: =FALSE() -> FALSE | N57: =FALSE() -> FALSE | O57: =IF(OR(I57="",J57=""),"",I57+J57) -> 2 | P57: =IF(OR(I57="",J57=""),"",I57-J57) -> 0 | Q57: =IF(L57="","",IF(L57="Gana",3,IF(L57="Empata",1,0))) -> 1 | R57: =IF(L57="","",IF(L57="Pierde",3,IF(L57="Empata",1,0))) -> 1 | S57: https://github.com/jfjelstul/worldcup
A58: M-2022-05 | B58: 2022 | C58: Fase de grupos | D58: C | E58: 1 | F58: 44887 | G58: Argentina | H58: Saudi Arabia | I58: 1 | J58: 2 | K58: =IF(OR(I58="",J58=""),"",I58&"-"&J58) -> 1-2 | L58: =IF(OR(I58="",J58=""),"",IF(I58>J58,"Gana",IF(I58=J58,"Empata","Pierde"))) -> Pierde | M58: =FALSE() -> FALSE | N58: =FALSE() -> FALSE | O58: =IF(OR(I58="",J58=""),"",I58+J58) -> 3 | P58: =IF(OR(I58="",J58=""),"",I58-J58) -> -1 | Q58: =IF(L58="","",IF(L58="Gana",3,IF(L58="Empata",1,0))) -> 0 | R58: =IF(L58="","",IF(L58="Pierde",3,IF(L58="Empata",1,0))) -> 3 | S58: https://github.com/jfjelstul/worldcup
A59: M-2022-06 | B59: 2022 | C59: Fase de grupos | D59: D | E59: 1 | F59: 44887 | G59: Denmark | H59: Tunisia | I59: 0 | J59: 0 | K59: =IF(OR(I59="",J59=""),"",I59&"-"&J59) -> 0-0 | L59: =IF(OR(I59="",J59=""),"",IF(I59>J59,"Gana",IF(I59=J59,"Empata","Pierde"))) -> Empata | M59: =FALSE() -> FALSE | N59: =FALSE() -> FALSE | O59: =IF(OR(I59="",J59=""),"",I59+J59) -> 0 | P59: =IF(OR(I59="",J59=""),"",I59-J59) -> 0 | Q59: =IF(L59="","",IF(L59="Gana",3,IF(L59="Empata",1,0))) -> 1 | R59: =IF(L59="","",IF(L59="Pierde",3,IF(L59="Empata",1,0))) -> 1 | S59: https://github.com/jfjelstul/worldcup
A60: M-2022-07 | B60: 2022 | C60: Fase de grupos | D60: C | E60: 1 | F60: 44887 | G60: Mexico | H60: Poland | I60: 0 | J60: 0 | K60: =IF(OR(I60="",J60=""),"",I60&"-"&J60) -> 0-0 | L60: =IF(OR(I60="",J60=""),"",IF(I60>J60,"Gana",IF(I60=J60,"Empata","Pierde"))) -> Empata | M60: =FALSE() -> FALSE | N60: =FALSE() -> FALSE | O60: =IF(OR(I60="",J60=""),"",I60+J60) -> 0 | P60: =IF(OR(I60="",J60=""),"",I60-J60) -> 0 | Q60: =IF(L60="","",IF(L60="Gana",3,IF(L60="Empata",1,0))) -> 1 | R60: =IF(L60="","",IF(L60="Pierde",3,IF(L60="Empata",1,0))) -> 1 | S60: https://github.com/jfjelstul/worldcup
A61: M-2022-08 | B61: 2022 | C61: Fase de grupos | D61: D | E61: 1 | F61: 44887 | G61: France | H61: Australia | I61: 4 | J61: 1 | K61: =IF(OR(I61="",J61=""),"",I61&"-"&J61) -> 4-1 | L61: =IF(OR(I61="",J61=""),"",IF(I61>J61,"Gana",IF(I61=J61,"Empata","Pierde"))) -> Gana | M61: =FALSE() -> FALSE | N61: =FALSE() -> FALSE | O61: =IF(OR(I61="",J61=""),"",I61+J61) -> 5 | P61: =IF(OR(I61="",J61=""),"",I61-J61) -> 3 | Q61: =IF(L61="","",IF(L61="Gana",3,IF(L61="Empata",1,0))) -> 3 | R61: =IF(L61="","",IF(L61="Pierde",3,IF(L61="Empata",1,0))) -> 0 | S61: https://github.com/jfjelstul/worldcup
A62: M-2022-09 | B62: 2022 | C62: Fase de grupos | D62: F | E62: 1 | F62: 44888 | G62: Morocco | H62: Croatia | I62: 0 | J62: 0 | K62: =IF(OR(I62="",J62=""),"",I62&"-"&J62) -> 0-0 | L62: =IF(OR(I62="",J62=""),"",IF(I62>J62,"Gana",IF(I62=J62,"Empata","Pierde"))) -> Empata | M62: =FALSE() -> FALSE | N62: =FALSE() -> FALSE | O62: =IF(OR(I62="",J62=""),"",I62+J62) -> 0 | P62: =IF(OR(I62="",J62=""),"",I62-J62) -> 0 | Q62: =IF(L62="","",IF(L62="Gana",3,IF(L62="Empata",1,0))) -> 1 | R62: =IF(L62="","",IF(L62="Pierde",3,IF(L62="Empata",1,0))) -> 1 | S62: https://github.com/jfjelstul/worldcup
A63: M-2022-10 | B63: 2022 | C63: Fase de grupos | D63: E | E63: 1 | F63: 44888 | G63: Germany | H63: Japan | I63: 1 | J63: 2 | K63: =IF(OR(I63="",J63=""),"",I63&"-"&J63) -> 1-2 | L63: =IF(OR(I63="",J63=""),"",IF(I63>J63,"Gana",IF(I63=J63,"Empata","Pierde"))) -> Pierde | M63: =FALSE() -> FALSE | N63: =FALSE() -> FALSE | O63: =IF(OR(I63="",J63=""),"",I63+J63) -> 3 | P63: =IF(OR(I63="",J63=""),"",I63-J63) -> -1 | Q63: =IF(L63="","",IF(L63="Gana",3,IF(L63="Empata",1,0))) -> 0 | R63: =IF(L63="","",IF(L63="Pierde",3,IF(L63="Empata",1,0))) -> 3 | S63: https://github.com/jfjelstul/worldcup
A64: M-2022-11 | B64: 2022 | C64: Fase de grupos | D64: E | E64: 1 | F64: 44888 | G64: Spain | H64: Costa Rica | I64: 7 | J64: 0 | K64: =IF(OR(I64="",J64=""),"",I64&"-"&J64) -> 7-0 | L64: =IF(OR(I64="",J64=""),"",IF(I64>J64,"Gana",IF(I64=J64,"Empata","Pierde"))) -> Gana | M64: =FALSE() -> FALSE | N64: =FALSE() -> FALSE | O64: =IF(OR(I64="",J64=""),"",I64+J64) -> 7 | P64: =IF(OR(I64="",J64=""),"",I64-J64) -> 7 | Q64: =IF(L64="","",IF(L64="Gana",3,IF(L64="Empata",1,0))) -> 3 | R64: =IF(L64="","",IF(L64="Pierde",3,IF(L64="Empata",1,0))) -> 0 | S64: https://github.com/jfjelstul/worldcup
A65: M-2022-12 | B65: 2022 | C65: Fase de grupos | D65: F | E65: 1 | F65: 44888 | G65: Belgium | H65: Canada | I65: 1 | J65: 0 | K65: =IF(OR(I65="",J65=""),"",I65&"-"&J65) -> 1-0 | L65: =IF(OR(I65="",J65=""),"",IF(I65>J65,"Gana",IF(I65=J65,"Empata","Pierde"))) -> Gana | M65: =FALSE() -> FALSE | N65: =FALSE() -> FALSE | O65: =IF(OR(I65="",J65=""),"",I65+J65) -> 1 | P65: =IF(OR(I65="",J65=""),"",I65-J65) -> 1 | Q65: =IF(L65="","",IF(L65="Gana",3,IF(L65="Empata",1,0))) -> 3 | R65: =IF(L65="","",IF(L65="Pierde",3,IF(L65="Empata",1,0))) -> 0 | S65: https://github.com/jfjelstul/worldcup
A66: M-2022-13 | B66: 2022 | C66: Fase de grupos | D66: G | E66: 1 | F66: 44889 | G66: Switzerland | H66: Cameroon | I66: 1 | J66: 0 | K66: =IF(OR(I66="",J66=""),"",I66&"-"&J66) -> 1-0 | L66: =IF(OR(I66="",J66=""),"",IF(I66>J66,"Gana",IF(I66=J66,"Empata","Pierde"))) -> Gana | M66: =FALSE() -> FALSE | N66: =FALSE() -> FALSE | O66: =IF(OR(I66="",J66=""),"",I66+J66) -> 1 | P66: =IF(OR(I66="",J66=""),"",I66-J66) -> 1 | Q66: =IF(L66="","",IF(L66="Gana",3,IF(L66="Empata",1,0))) -> 3 | R66: =IF(L66="","",IF(L66="Pierde",3,IF(L66="Empata",1,0))) -> 0 | S66: https://github.com/jfjelstul/worldcup
... A70: M-2022-17 | B70: 2022 | C70: Fase de grupos | D70: B | E70: 2 | F70: 44890 | G70: Wales | H70: Iran | I70: 0 | J70: 2 | K70: =IF(OR(I70="",J70=""),"",I70&"-"&J70) -> 0-2 | L70: =IF(OR(I70="",J70=""),"",IF(I70>J70,"Gana",IF(I70=J70,"Empata","Pierde"))) -> Pierde | M70: =FALSE() -> FALSE | N70: =FALSE() -> FALSE | O70: =IF(OR(I70="",J70=""),"",I70+J70) -> 2 | P70: =IF(OR(I70="",J70=""),"",I70-J70) -> -2 | Q70: =IF(L70="","",IF(L70="Gana",3,IF(L70="Empata",1,0))) -> 0 | R70: =IF(L70="","",IF(L70="Pierde",3,IF(L70="Empata",1,0))) -> 3 | S70: https://github.com/jfjelstul/worldcup
A71: M-2022-18 | B71: 2022 | C71: Fase de grupos | D71: A | E71: 2 | F71: 44890 | G71: Qatar | H71: Senegal | I71: 1 | J71: 3 | K71: =IF(OR(I71="",J71=""),"",I71&"-"&J71) -> 1-3 | L71: =IF(OR(I71="",J71=""),"",IF(I71>J71,"Gana",IF(I71=J71,"Empata","Pierde"))) -> Pierde | M71: =TRUE() -> TRUE | N71: =FALSE() -> FALSE | O71: =IF(OR(I71="",J71=""),"",I71+J71) -> 4 | P71: =IF(OR(I71="",J71=""),"",I71-J71) -> -2 | Q71: =IF(L71="","",IF(L71="Gana",3,IF(L71="Empata",1,0))) -> 0 | R71: =IF(L71="","",IF(L71="Pierde",3,IF(L71="Empata",1,0))) -> 3 | S71: https://github.com/jfjelstul/worldcup
A72: M-2022-19 | B72: 2022 | C72: Fase de grupos | D72: A | E72: 2 | F72: 44890 | G72: Netherlands | H72: Ecuador | I72: 1 | J72: 1 | K72: =IF(OR(I72="",J72=""),"",I72&"-"&J72) -> 1-1 | L72: =IF(OR(I72="",J72=""),"",IF(I72>J72,"Gana",IF(I72=J72,"Empata","Pierde"))) -> Empata | M72: =FALSE() -> FALSE | N72: =FALSE() -> FALSE | O72: =IF(OR(I72="",J72=""),"",I72+J72) -> 2 | P72: =IF(OR(I72="",J72=""),"",I72-J72) -> 0 | Q72: =IF(L72="","",IF(L72="Gana",3,IF(L72="Empata",1,0))) -> 1 | R72: =IF(L72="","",IF(L72="Pierde",3,IF(L72="Empata",1,0))) -> 1 | S72: https://github.com/jfjelstul/worldcup
A73: M-2022-20 | B73: 2022 | C73: Fase de grupos | D73: B | E73: 2 | F73: 44890 | G73: England | H73: United States | I73: 0 | J73: 0 | K73: =IF(OR(I73="",J73=""),"",I73&"-"&J73) -> 0-0 | L73: =IF(OR(I73="",J73=""),"",IF(I73>J73,"Gana",IF(I73=J73,"Empata","Pierde"))) -> Empata | M73: =FALSE() -> FALSE | N73: =FALSE() -> FALSE | O73: =IF(OR(I73="",J73=""),"",I73+J73) -> 0 | P73: =IF(OR(I73="",J73=""),"",I73-J73) -> 0 | Q73: =IF(L73="","",IF(L73="Gana",3,IF(L73="Empata",1,0))) -> 1 | R73: =IF(L73="","",IF(L73="Pierde",3,IF(L73="Empata",1,0))) -> 1 | S73: https://github.com/jfjelstul/worldcup
A74: M-2022-21 | B74: 2022 | C74: Fase de grupos | D74: D | E74: 2 | F74: 44891 | G74: Tunisia | H74: Australia | I74: 0 | J74: 1 | K74: =IF(OR(I74="",J74=""),"",I74&"-"&J74) -> 0-1 | L74: =IF(OR(I74="",J74=""),"",IF(I74>J74,"Gana",IF(I74=J74,"Empata","Pierde"))) -> Pierde | M74: =FALSE() -> FALSE | N74: =FALSE() -> FALSE | O74: =IF(OR(I74="",J74=""),"",I74+J74) -> 1 | P74: =IF(OR(I74="",J74=""),"",I74-J74) -> -1 | Q74: =IF(L74="","",IF(L74="Gana",3,IF(L74="Empata",1,0))) -> 0 | R74: =IF(L74="","",IF(L74="Pierde",3,IF(L74="Empata",1,0))) -> 3 | S74: https://github.com/jfjelstul/worldcup
A75: M-2022-22 | B75: 2022 | C75: Fase de grupos | D75: C | E75: 2 | F75: 44891 | G75: Poland | H75: Saudi Arabia | I75: 2 | J75: 0 | K75: =IF(OR(I75="",J75=""),"",I75&"-"&J75) -> 2-0 | L75: =IF(OR(I75="",J75=""),"",IF(I75>J75,"Gana",IF(I75=J75,"Empata","Pierde"))) -> Gana | M75: =FALSE() -> FALSE | N75: =FALSE() -> FALSE | O75: =IF(OR(I75="",J75=""),"",I75+J75) -> 2 | P75: =IF(OR(I75="",J75=""),"",I75-J75) -> 2 | Q75: =IF(L75="","",IF(L75="Gana",3,IF(L75="Empata",1,0))) -> 3 | R75: =IF(L75="","",IF(L75="Pierde",3,IF(L75="Empata",1,0))) -> 0 | S75: https://github.com/jfjelstul/worldcup
A76: M-2022-23 | B76: 2022 | C76: Fase de grupos | D76: D | E76: 2 | F76: 44891 | G76: France | H76: Denmark | I76: 2 | J76: 1 | K76: =IF(OR(I76="",J76=""),"",I76&"-"&J76) -> 2-1 | L76: =IF(OR(I76="",J76=""),"",IF(I76>J76,"Gana",IF(I76=J76,"Empata","Pierde"))) -> Gana | M76: =FALSE() -> FALSE | N76: =FALSE() -> FALSE | O76: =IF(OR(I76="",J76=""),"",I76+J76) -> 3 | P76: =IF(OR(I76="",J76=""),"",I76-J76) -> 1 | Q76: =IF(L76="","",IF(L76="Gana",3,IF(L76="Empata",1,0))) -> 3 | R76: =IF(L76="","",IF(L76="Pierde",3,IF(L76="Empata",1,0))) -> 0 | S76: https://github.com/jfjelstul/worldcup
A77: M-2022-24 | B77: 2022 | C77: Fase de grupos | D77: C | E77: 2 | F77: 44891 | G77: Argentina | H77: Mexico | I77: 2 | J77: 0 | K77: =IF(OR(I77="",J77=""),"",I77&"-"&J77) -> 2-0 | L77: =IF(OR(I77="",J77=""),"",IF(I77>J77,"Gana",IF(I77=J77,"Empata","Pierde"))) -> Gana | M77: =FALSE() -> FALSE | N77: =FALSE() -> FALSE | O77: =IF(OR(I77="",J77=""),"",I77+J77) -> 2 | P77: =IF(OR(I77="",J77=""),"",I77-J77) -> 2 | Q77: =IF(L77="","",IF(L77="Gana",3,IF(L77="Empata",1,0))) -> 3 | R77: =IF(L77="","",IF(L77="Pierde",3,IF(L77="Empata",1,0))) -> 0 | S77: https://github.com/jfjelstul/worldcup
A78: M-2022-25 | B78: 2022 | C78: Fase de grupos | D78: E | E78: 2 | F78: 44892 | G78: Japan | H78: Costa Rica | I78: 0 | J78: 1 | K78: =IF(OR(I78="",J78=""),"",I78&"-"&J78) -> 0-1 | L78: =IF(OR(I78="",J78=""),"",IF(I78>J78,"Gana",IF(I78=J78,"Empata","Pierde"))) -> Pierde | M78: =FALSE() -> FALSE | N78: =FALSE() -> FALSE | O78: =IF(OR(I78="",J78=""),"",I78+J78) -> 1 | P78: =IF(OR(I78="",J78=""),"",I78-J78) -> -1 | Q78: =IF(L78="","",IF(L78="Gana",3,IF(L78="Empata",1,0))) -> 0 | R78: =IF(L78="","",IF(L78="Pierde",3,IF(L78="Empata",1,0))) -> 3 | S78: https://github.com/jfjelstul/worldcup
A79: M-2022-26 | B79: 2022 | C79: Fase de grupos | D79: F | E79: 2 | F79: 44892 | G79: Belgium | H79: Morocco | I79: 0 | J79: 2 | K79: =IF(OR(I79="",J79=""),"",I79&"-"&J79) -> 0-2 | L79: =IF(OR(I79="",J79=""),"",IF(I79>J79,"Gana",IF(I79=J79,"Empata","Pierde"))) -> Pierde | M79: =FALSE() -> FALSE | N79: =FALSE() -> FALSE | O79: =IF(OR(I79="",J79=""),"",I79+J79) -> 2 | P79: =IF(OR(I79="",J79=""),"",I79-J79) -> -2 | Q79: =IF(L79="","",IF(L79="Gana",3,IF(L79="Empata",1,0))) -> 0 | R79: =IF(L79="","",IF(L79="Pierde",3,IF(L79="Empata",1,0))) -> 3 | S79: https://github.com/jfjelstul/worldcup
A80: M-2022-27 | B80: 2022 | C80: Fase de grupos | D80: F | E80: 2 | F80: 44892 | G80: Croatia | H80: Canada | I80: 4 | J80: 1 | K80: =IF(OR(I80="",J80=""),"",I80&"-"&J80) -> 4-1 | L80: =IF(OR(I80="",J80=""),"",IF(I80>J80,"Gana",IF(I80=J80,"Empata","Pierde"))) -> Gana | M80: =FALSE() -> FALSE | N80: =FALSE() -> FALSE | O80: =IF(OR(I80="",J80=""),"",I80+J80) -> 5 | P80: =IF(OR(I80="",J80=""),"",I80-J80) -> 3 | Q80: =IF(L80="","",IF(L80="Gana",3,IF(L80="Empata",1,0))) -> 3 | R80: =IF(L80="","",IF(L80="Pierde",3,IF(L80="Empata",1,0))) -> 0 | S80: https://github.com/jfjelstul/worldcup
A81: M-2022-28 | B81: 2022 | C81: Fase de grupos | D81: E | E81: 2 | F81: 44892 | G81: Spain | H81: Germany | I81: 1 | J81: 1 | K81: =IF(OR(I81="",J81=""),"",I81&"-"&J81) -> 1-1 | L81: =IF(OR(I81="",J81=""),"",IF(I81>J81,"Gana",IF(I81=J81,"Empata","Pierde"))) -> Empata | M81: =FALSE() -> FALSE | N81: =FALSE() -> FALSE | O81: =IF(OR(I81="",J81=""),"",I81+J81) -> 2 | P81: =IF(OR(I81="",J81=""),"",I81-J81) -> 0 | Q81: =IF(L81="","",IF(L81="Gana",3,IF(L81="Empata",1,0))) -> 1 | R81: =IF(L81="","",IF(L81="Pierde",3,IF(L81="Empata",1,0))) -> 1 | S81: https://github.com/jfjelstul/worldcup
A82: M-2022-29 | B82: 2022 | C82: Fase de grupos | D82: G | E82: 2 | F82: 44893 | G82: Cameroon | H82: Serbia | I82: 3 | J82: 3 | K82: =IF(OR(I82="",J82=""),"",I82&"-"&J82) -> 3-3 | L82: =IF(OR(I82="",J82=""),"",IF(I82>J82,"Gana",IF(I82=J82,"Empata","Pierde"))) -> Empata | M82: =FALSE() -> FALSE | N82: =FALSE() -> FALSE | O82: =IF(OR(I82="",J82=""),"",I82+J82) -> 6 | P82: =IF(OR(I82="",J82=""),"",I82-J82) -> 0 | Q82: =IF(L82="","",IF(L82="Gana",3,IF(L82="Empata",1,0))) -> 1 | R82: =IF(L82="","",IF(L82="Pierde",3,IF(L82="Empata",1,0))) -> 1 | S82: https://github.com/jfjelstul/worldcup
A83: M-2022-30 | B83: 2022 | C83: Fase de grupos | D83: H | E83: 2 | F83: 44893 | G83: South Korea | H83: Ghana | I83: 2 | J83: 3 | K83: =IF(OR(I83="",J83=""),"",I83&"-"&J83) -> 2-3 | L83: =IF(OR(I83="",J83=""),"",IF(I83>J83,"Gana",IF(I83=J83,"Empata","Pierde"))) -> Pierde | M83: =FALSE() -> FALSE | N83: =FALSE() -> FALSE | O83: =IF(OR(I83="",J83=""),"",I83+J83) -> 5 | P83: =IF(OR(I83="",J83=""),"",I83-J83) -> -1 | Q83: =IF(L83="","",IF(L83="Gana",3,IF(L83="Empata",1,0))) -> 0 | R83: =IF(L83="","",IF(L83="Pierde",3,IF(L83="Empata",1,0))) -> 3 | S83: https://github.com/jfjelstul/worldcup
A84: M-2022-31 | B84: 2022 | C84: Fase de grupos | D84: G | E84: 2 | G84: Brazil | H84: Switzerland | I84: 1 | J84: 0 | K84: =IF(OR(I84="",J84=""),"",I84&"-"&J84) -> 1-0 | L84: =IF(OR(I84="",J84=""),"",IF(I84>J84,"Gana",IF(I84=J84,"Empata","Pierde"))) -> Gana | M84: =FALSE() -> FALSE | N84: =FALSE() -> FALSE | O84: =IF(OR(I84="",J84=""),"",I84+J84) -> 1 | P84: =IF(OR(I84="",J84=""),"",I84-J84) -> 1 | Q84: =IF(L84="","",IF(L84="Gana",3,IF(L84="Empata",1,0))) -> 3 | R84: =IF(L84="","",IF(L84="Pierde",3,IF(L84="Empata",1,0))) -> 0 | S84: https://github.com/jfjelstul/worldcup
A85: M-2022-32 | B85: 2022 | C85: Fase de grupos | D85: H | E85: 2 | F85: 44893 | G85: Portugal | H85: Uruguay | I85: 2 | J85: 0 | K85: =IF(OR(I85="",J85=""),"",I85&"-"&J85) -> 2-0 | L85: =IF(OR(I85="",J85=""),"",IF(I85>J85,"Gana",IF(I85=J85,"Empata","Pierde"))) -> Gana | M85: =FALSE() -> FALSE | N85: =FALSE() -> FALSE | O85: =IF(OR(I85="",J85=""),"",I85+J85) -> 2 | P85: =IF(OR(I85="",J85=""),"",I85-J85) -> 2 | Q85: =IF(L85="","",IF(L85="Gana",3,IF(L85="Empata",1,0))) -> 3 | R85: =IF(L85="","",IF(L85="Pierde",3,IF(L85="Empata",1,0))) -> 0 | S85: https://github.com/jfjelstul/worldcup
A86: M-2022-33 | B86: 2022 | C86: Fase de grupos | D86: A | E86: 3 | F86: 44894 | G86: Ecuador | H86: Senegal | I86: 1 | J86: 2 | K86: =IF(OR(I86="",J86=""),"",I86&"-"&J86) -> 1-2 | L86: =IF(OR(I86="",J86=""),"",IF(I86>J86,"Gana",IF(I86=J86,"Empata","Pierde"))) -> Pierde | M86: =FALSE() -> FALSE | N86: =FALSE() -> FALSE | O86: =IF(OR(I86="",J86=""),"",I86+J86) -> 3 | P86: =IF(OR(I86="",J86=""),"",I86-J86) -> -1 | Q86: =IF(L86="","",IF(L86="Gana",3,IF(L86="Empata",1,0))) -> 0 | R86: =IF(L86="","",IF(L86="Pierde",3,IF(L86="Empata",1,0))) -> 3 | S86: https://github.com/jfjelstul/worldcup
A87: M-2022-34 | B87: 2022 | C87: Fase de grupos | D87: A | E87: 3 | F87: 44894 | G87: Netherlands | H87: Qatar | I87: 2 | J87: 0 | K87: =IF(OR(I87="",J87=""),"",I87&"-"&J87) -> 2-0 | L87: =IF(OR(I87="",J87=""),"",IF(I87>J87,"Gana",IF(I87=J87,"Empata","Pierde"))) -> Gana | M87: =FALSE() -> FALSE | N87: =TRUE() -> TRUE | O87: =IF(OR(I87="",J87=""),"",I87+J87) -> 2 | P87: =IF(OR(I87="",J87=""),"",I87-J87) -> 2 | Q87: =IF(L87="","",IF(L87="Gana",3,IF(L87="Empata",1,0))) -> 3 | R87: =IF(L87="","",IF(L87="Pierde",3,IF(L87="Empata",1,0))) -> 0 | S87: https://github.com/jfjelstul/worldcup
A88: M-2022-35 | B88: 2022 | C88: Fase de grupos | D88: B | E88: 3 | F88: 44894 | G88: Iran | H88: United States | I88: 0 | J88: 1 | K88: =IF(OR(I88="",J88=""),"",I88&"-"&J88) -> 0-1 | L88: =IF(OR(I88="",J88=""),"",IF(I88>J88,"Gana",IF(I88=J88,"Empata","Pierde"))) -> Pierde | M88: =FALSE() -> FALSE | N88: =FALSE() -> FALSE | O88: =IF(OR(I88="",J88=""),"",I88+J88) -> 1 | P88: =IF(OR(I88="",J88=""),"",I88-J88) -> -1 | Q88: =IF(L88="","",IF(L88="Gana",3,IF(L88="Empata",1,0))) -> 0 | R88: =IF(L88="","",IF(L88="Pierde",3,IF(L88="Empata",1,0))) -> 3 | S88: https://github.com/jfjelstul/worldcup
A89: M-2022-36 | B89: 2022 | C89: Fase de grupos | D89: B | E89: 3 | F89: 44894 | G89: Wales | H89: England | I89: 0 | J89: 3 | K89: =IF(OR(I89="",J89=""),"",I89&"-"&J89) -> 0-3 | L89: =IF(OR(I89="",J89=""),"",IF(I89>J89,"Gana",IF(I89=J89,"Empata","Pierde"))) -> Pierde | M89: =FALSE() -> FALSE | N89: =FALSE() -> FALSE | O89: =IF(OR(I89="",J89=""),"",I89+J89) -> 3 | P89: =IF(OR(I89="",J89=""),"",I89-J89) -> -3 | Q89: =IF(L89="","",IF(L89="Gana",3,IF(L89="Empata",1,0))) -> 0 | R89: =IF(L89="","",IF(L89="Pierde",3,IF(L89="Empata",1,0))) -> 3 | S89: https://github.com/jfjelstul/worldcup
A90: M-2022-37 | B90: 2022 | C90: Fase de grupos | D90: D | E90: 3 | F90: 44895 | G90: Australia | H90: Denmark | I90: 1 | J90: 0 | K90: =IF(OR(I90="",J90=""),"",I90&"-"&J90) -> 1-0 | L90: =IF(OR(I90="",J90=""),"",IF(I90>J90,"Gana",IF(I90=J90,"Empata","Pierde"))) -> Gana | M90: =FALSE() -> FALSE | N90: =FALSE() -> FALSE | O90: =IF(OR(I90="",J90=""),"",I90+J90) -> 1 | P90: =IF(OR(I90="",J90=""),"",I90-J90) -> 1 | Q90: =IF(L90="","",IF(L90="Gana",3,IF(L90="Empata",1,0))) -> 3 | R90: =IF(L90="","",IF(L90="Pierde",3,IF(L90="Empata",1,0))) -> 0 | S90: https://github.com/jfjelstul/worldcup
A91: M-2022-38 | B91: 2022 | C91: Fase de grupos | D91: D | E91: 3 | F91: 44895 | G91: Tunisia | H91: France | I91: 1 | J91: 0 | K91: =IF(OR(I91="",J91=""),"",I91&"-"&J91) -> 1-0 | L91: =IF(OR(I91="",J91=""),"",IF(I91>J91,"Gana",IF(I91=J91,"Empata","Pierde"))) -> Gana | M91: =FALSE() -> FALSE | N91: =FALSE() -> FALSE | O91: =IF(OR(I91="",J91=""),"",I91+J91) -> 1 | P91: =IF(OR(I91="",J91=""),"",I91-J91) -> 1 | Q91: =IF(L91="","",IF(L91="Gana",3,IF(L91="Empata",1,0))) -> 3 | R91: =IF(L91="","",IF(L91="Pierde",3,IF(L91="Empata",1,0))) -> 0 | S91: https://github.com/jfjelstul/worldcup
A92: M-2022-39 | B92: 2022 | C92: Fase de grupos | D92: C | E92: 3 | F92: 44895 | G92: Poland | H92: Argentina | I92: 0 | J92: 2 | K92: =IF(OR(I92="",J92=""),"",I92&"-"&J92) -> 0-2 | L92: =IF(OR(I92="",J92=""),"",IF(I92>J92,"Gana",IF(I92=J92,"Empata","Pierde"))) -> Pierde | M92: =FALSE() -> FALSE | N92: =FALSE() -> FALSE | O92: =IF(OR(I92="",J92=""),"",I92+J92) -> 2 | P92: =IF(OR(I92="",J92=""),"",I92-J92) -> -2 | Q92: =IF(L92="","",IF(L92="Gana",3,IF(L92="Empata",1,0))) -> 0 | R92: =IF(L92="","",IF(L92="Pierde",3,IF(L92="Empata",1,0))) -> 3 | S92: https://github.com/jfjelstul/worldcup
A93: M-2022-40 | B93: 2022 | C93: Fase de grupos | D93: C | E93: 3 | F93: 44895 | G93: Saudi Arabia | H93: Mexico | I93: 1 | J93: 2 | K93: =IF(OR(I93="",J93=""),"",I93&"-"&J93) -> 1-2 | L93: =IF(OR(I93="",J93=""),"",IF(I93>J93,"Gana",IF(I93=J93,"Empata","Pierde"))) -> Pierde | M93: =FALSE() -> FALSE | N93: =FALSE() -> FALSE | O93: =IF(OR(I93="",J93=""),"",I93+J93) -> 3 | P93: =IF(OR(I93="",J93=""),"",I93-J93) -> -1 | Q93: =IF(L93="","",IF(L93="Gana",3,IF(L93="Empata",1,0))) -> 0 | R93: =IF(L93="","",IF(L93="Pierde",3,IF(L93="Empata",1,0))) -> 3 | S93: https://github.com/jfjelstul/worldcup
A94: M-2022-41 | B94: 2022 | C94: Fase de grupos | D94: F | E94: 3 | F94: 44896 | G94: Canada | H94: Morocco | I94: 1 | J94: 2 | K94: =IF(OR(I94="",J94=""),"",I94&"-"&J94) -> 1-2 | L94: =IF(OR(I94="",J94=""),"",IF(I94>J94,"Gana",IF(I94=J94,"Empata","Pierde"))) -> Pierde | M94: =FALSE() -> FALSE | N94: =FALSE() -> FALSE | O94: =IF(OR(I94="",J94=""),"",I94+J94) -> 3 | P94: =IF(OR(I94="",J94=""),"",I94-J94) -> -1 | Q94: =IF(L94="","",IF(L94="Gana",3,IF(L94="Empata",1,0))) -> 0 | R94: =IF(L94="","",IF(L94="Pierde",3,IF(L94="Empata",1,0))) -> 3 | S94: https://github.com/jfjelstul/worldcup
A95: M-2022-42 | B95: 2022 | C95: Fase de grupos | D95: F | E95: 3 | F95: 44896 | G95: Croatia | H95: Belgium | I95: 0 | J95: 0 | K95: =IF(OR(I95="",J95=""),"",I95&"-"&J95) -> 0-0 | L95: =IF(OR(I95="",J95=""),"",IF(I95>J95,"Gana",IF(I95=J95,"Empata","Pierde"))) -> Empata | M95: =FALSE() -> FALSE | N95: =FALSE() -> FALSE | O95: =IF(OR(I95="",J95=""),"",I95+J95) -> 0 | P95: =IF(OR(I95="",J95=""),"",I95-J95) -> 0 | Q95: =IF(L95="","",IF(L95="Gana",3,IF(L95="Empata",1,0))) -> 1 | R95: =IF(L95="","",IF(L95="Pierde",3,IF(L95="Empata",1,0))) -> 1 | S95: https://github.com/jfjelstul/worldcup
A96: M-2022-43 | B96: 2022 | C96: Fase de grupos | D96: E | E96: 3 | F96: 44896 | G96: Costa Rica | H96: Germany | I96: 2 | J96: 4 | K96: =IF(OR(I96="",J96=""),"",I96&"-"&J96) -> 2-4 | L96: =IF(OR(I96="",J96=""),"",IF(I96>J96,"Gana",IF(I96=J96,"Empata","Pierde"))) -> Pierde | M96: =FALSE() -> FALSE | N96: =FALSE() -> FALSE | O96: =IF(OR(I96="",J96=""),"",I96+J96) -> 6 | P96: =IF(OR(I96="",J96=""),"",I96-J96) -> -2 | Q96: =IF(L96="","",IF(L96="Gana",3,IF(L96="Empata",1,0))) -> 0 | R96: =IF(L96="","",IF(L96="Pierde",3,IF(L96="Empata",1,0))) -> 3 | S96: https://github.com/jfjelstul/worldcup
A97: M-2022-44 | B97: 2022 | C97: Fase de grupos | D97: E | E97: 3 | F97: 44896 | G97: Japan | H97: Spain | I97: 2 | J97: 1 | K97: =IF(OR(I97="",J97=""),"",I97&"-"&J97) -> 2-1 | L97: =IF(OR(I97="",J97=""),"",IF(I97>J97,"Gana",IF(I97=J97,"Empata","Pierde"))) -> Gana | M97: =FALSE() -> FALSE | N97: =FALSE() -> FALSE | O97: =IF(OR(I97="",J97=""),"",I97+J97) -> 3 | P97: =IF(OR(I97="",J97=""),"",I97-J97) -> 1 | Q97: =IF(L97="","",IF(L97="Gana",3,IF(L97="Empata",1,0))) -> 3 | R97: =IF(L97="","",IF(L97="Pierde",3,IF(L97="Empata",1,0))) -> 0 | S97: https://github.com/jfjelstul/worldcup
A98: M-2022-45 | B98: 2022 | C98: Fase de grupos | D98: H | E98: 3 | F98: 44897 | G98: Ghana | H98: Uruguay | I98: 0 | J98: 2 | K98: =IF(OR(I98="",J98=""),"",I98&"-"&J98) -> 0-2 | L98: =IF(OR(I98="",J98=""),"",IF(I98>J98,"Gana",IF(I98=J98,"Empata","Pierde"))) -> Pierde | M98: =FALSE() -> FALSE | N98: =FALSE() -> FALSE | O98: =IF(OR(I98="",J98=""),"",I98+J98) -> 2 | P98: =IF(OR(I98="",J98=""),"",I98-J98) -> -2 | Q98: =IF(L98="","",IF(L98="Gana",3,IF(L98="Empata",1,0))) -> 0 | R98: =IF(L98="","",IF(L98="Pierde",3,IF(L98="Empata",1,0))) -> 3 | S98: https://github.com/jfjelstul/worldcup
A99: M-2022-46 | B99: 2022 | C99: Fase de grupos | D99: H | E99: 3 | F99: 44897 | G99: South Korea | H99: Portugal | I99: 2 | J99: 1 | K99: =IF(OR(I99="",J99=""),"",I99&"-"&J99) -> 2-1 | L99: =IF(OR(I99="",J99=""),"",IF(I99>J99,"Gana",IF(I99=J99,"Empata","Pierde"))) -> Gana | M99: =FALSE() -> FALSE | N99: =FALSE() -> FALSE | O99: =IF(OR(I99="",J99=""),"",I99+J99) -> 3 | P99: =IF(OR(I99="",J99=""),"",I99-J99) -> 1 | Q99: =IF(L99="","",IF(L99="Gana",3,IF(L99="Empata",1,0))) -> 3 | R99: =IF(L99="","",IF(L99="Pierde",3,IF(L99="Empata",1,0))) -> 0 | S99: https://github.com/jfjelstul/worldcup
... A101: M-2022-48 | B101: 2022 | C101: Fase de grupos | D101: G | E101: 3 | F101: 44897 | G101: Serbia | H101: Switzerland | I101: 2 | J101: 3 | K101: =IF(OR(I101="",J101=""),"",I101&"-"&J101) -> 2-3 | L101: =IF(OR(I101="",J101=""),"",IF(I101>J101,"Gana",IF(I101=J101,"Empata","Pierde"))) -> Pierde | M101: =FALSE() -> FALSE | N101: =FALSE() -> FALSE | O101: =IF(OR(I101="",J101=""),"",I101+J101) -> 5 | P101: =IF(OR(I101="",J101=""),"",I101-J101) -> -1 | Q101: =IF(L101="","",IF(L101="Gana",3,IF(L101="Empata",1,0))) -> 0 | R101: =IF(L101="","",IF(L101="Pierde",3,IF(L101="Empata",1,0))) -> 3 | S101: https://github.com/jfjelstul/worldcup
A102: M-2026-001 | B102: 2026 | C102: Fase de grupos | D102: A | E102: 1 | F102: 46184 | G102: Mexico | H102: South Africa | I102: 2 | J102: 0 | K102: =IF(OR(I102="",J102=""),"",I102&"-"&J102) -> 2-0 | L102: =IF(OR(I102="",J102=""),"",IF(I102>J102,"Gana",IF(I102=J102,"Empata","Pierde"))) -> Gana | M102: =TRUE() -> TRUE | N102: =FALSE() -> FALSE | O102: =IF(OR(I102="",J102=""),"",I102+J102) -> 2 | P102: =IF(OR(I102="",J102=""),"",I102-J102) -> 2 | Q102: =IF(L102="","",IF(L102="Gana",3,IF(L102="Empata",1,0))) -> 3 | R102: =IF(L102="","",IF(L102="Pierde",3,IF(L102="Empata",1,0))) -> 0 | S102: https://en.wikipedia.org/wiki/2026_FIFA_World_Cup_Group_A
A103: M-2026-002 | B103: 2026 | C103: Fase de grupos | D103: A | E103: 1 | F103: 46185 | G103: South Korea | H103: Czechia | I103: 2 | J103: 1 | K103: =IF(OR(I103="",J103=""),"",I103&"-"&J103) -> 2-1 | L103: =IF(OR(I103="",J103=""),"",IF(I103>J103,"Gana",IF(I103=J103,"Empata","Pierde"))) -> Gana | M103: =FALSE() -> FALSE | N103: =FALSE() -> FALSE | O103: =IF(OR(I103="",J103=""),"",I103+J103) -> 3 | P103: =IF(OR(I103="",J103=""),"",I103-J103) -> 1 | Q103: =IF(L103="","",IF(L103="Gana",3,IF(L103="Empata",1,0))) -> 3 | R103: =IF(L103="","",IF(L103="Pierde",3,IF(L103="Empata",1,0))) -> 0 | S103: https://en.wikipedia.org/wiki/2026_FIFA_World_Cup_Group_A
A104: M-2026-007 | B104: 2026 | C104: Fase de grupos | D104: B | E104: 1 | F104: 46185 | G104: Canada | H104: Bosnia and Herzegovina | I104: 1 | J104: 1 | K104: =IF(OR(I104="",J104=""),"",I104&"-"&J104) -> 1-1 | L104: =IF(OR(I104="",J104=""),"",IF(I104>J104,"Gana",IF(I104=J104,"Empata","Pierde"))) -> Empata | M104: =TRUE() -> TRUE | N104: =FALSE() -> FALSE | O104: =IF(OR(I104="",J104=""),"",I104+J104) -> 2 | P104: =IF(OR(I104="",J104=""),"",I104-J104) -> 0 | Q104: =IF(L104="","",IF(L104="Gana",3,IF(L104="Empata",1,0))) -> 1 | R104: =IF(L104="","",IF(L104="Pierde",3,IF(L104="Empata",1,0))) -> 1 | S104: https://en.wikipedia.org/wiki/2026_FIFA_World_Cup_Group_B
A105: M-2026-008 | B105: 2026 | C105: Fase de grupos | D105: B | E105: 1 | F105: 46186 | G105: Qatar | H105: Switzerland | I105: 1 | J105: 1 | K105: =IF(OR(I105="",J105=""),"",I105&"-"&J105) -> 1-1 | L105: =IF(OR(I105="",J105=""),"",IF(I105>J105,"Gana",IF(I105=J105,"Empata","Pierde"))) -> Empata | M105: =FALSE() -> FALSE | N105: =FALSE() -> FALSE | O105: =IF(OR(I105="",J105=""),"",I105+J105) -> 2 | P105: =IF(OR(I105="",J105=""),"",I105-J105) -> 0 | Q105: =IF(L105="","",IF(L105="Gana",3,IF(L105="Empata",1,0))) -> 1 | R105: =IF(L105="","",IF(L105="Pierde",3,IF(L105="Empata",1,0))) -> 1 | S105: https://en.wikipedia.org/wiki/2026_FIFA_World_Cup_Group_B
A106: M-2026-013 | B106: 2026 | C106: Fase de grupos | D106: C | E106: 1 | F106: 46186 | G106: Brazil | H106: Morocco | I106: 1 | J106: 1 | K106: =IF(OR(I106="",J106=""),"",I106&"-"&J106) -> 1-1 | L106: =IF(OR(I106="",J106=""),"",IF(I106>J106,"Gana",IF(I106=J106,"Empata","Pierde"))) -> Empata | M106: =FALSE() -> FALSE | N106: =FALSE() -> FALSE | O106: =IF(OR(I106="",J106=""),"",I106+J106) -> 2 | P106: =IF(OR(I106="",J106=""),"",I106-J106) -> 0 | Q106: =IF(L106="","",IF(L106="Gana",3,IF(L106="Empata",1,0))) -> 1 | R106: =IF(L106="","",IF(L106="Pierde",3,IF(L106="Empata",1,0))) -> 1 | S106: https://en.wikipedia.org/wiki/2026_FIFA_World_Cup_Group_C
A107: M-2026-014 | B107: 2026 | C107: Fase de grupos | D107: C | E107: 1 | F107: 46186 | G107: Haiti | H107: Scotland | I107: 0 | J107: 1 | K107: =IF(OR(I107="",J107=""),"",I107&"-"&J107) -> 0-1 | L107: =IF(OR(I107="",J107=""),"",IF(I107>J107,"Gana",IF(I107=J107,"Empata","Pierde"))) -> Pierde | M107: =FALSE() -> FALSE | N107: =FALSE() -> FALSE | O107: =IF(OR(I107="",J107=""),"",I107+J107) -> 1 | P107: =IF(OR(I107="",J107=""),"",I107-J107) -> -1 | Q107: =IF(L107="","",IF(L107="Gana",3,IF(L107="Empata",1,0))) -> 0 | R107: =IF(L107="","",IF(L107="Pierde",3,IF(L107="Empata",1,0))) -> 3 | S107: https://en.wikipedia.org/wiki/2026_FIFA_World_Cup_Group_C
A108: M-2026-019 | B108: 2026 | C108: Fase de grupos | D108: D | E108: 1 | F108: 46186 | G108: United States | H108: Paraguay | I108: 4 | J108: 1 | K108: =IF(OR(I108="",J108=""),"",I108&"-"&J108) -> 4-1 | L108: =IF(OR(I108="",J108=""),"",IF(I108>J108,"Gana",IF(I108=J108,"Empata","Pierde"))) -> Gana | M108: =TRUE() -> TRUE | N108: =FALSE() -> FALSE | O108: =IF(OR(I108="",J108=""),"",I108+J108) -> 5 | P108: =IF(OR(I108="",J108=""),"",I108-J108) -> 3 | Q108: =IF(L108="","",IF(L108="Gana",3,IF(L108="Empata",1,0))) -> 3 | R108: =IF(L108="","",IF(L108="Pierde",3,IF(L108="Empata",1,0))) -> 0 | S108: https://en.wikipedia.org/wiki/2026_FIFA_World_Cup_Group_D
A109: M-2026-020 | B109: 2026 | C109: Fase de grupos | D109: D | E109: 1 | F109: 46187 | G109: Australia | H109: Turkey | I109: 2 | J109: 0 | K109: =IF(OR(I109="",J109=""),"",I109&"-"&J109) -> 2-0 | L109: =IF(OR(I109="",J109=""),"",IF(I109>J109,"Gana",IF(I109=J109,"Empata","Pierde"))) -> Gana | M109: =FALSE() -> FALSE | N109: =FALSE() -> FALSE | O109: =IF(OR(I109="",J109=""),"",I109+J109) -> 2 | P109: =IF(OR(I109="",J109=""),"",I109-J109) -> 2 | Q109: =IF(L109="","",IF(L109="Gana",3,IF(L109="Empata",1,0))) -> 3 | R109: =IF(L109="","",IF(L109="Pierde",3,IF(L109="Empata",1,0))) -> 0 | S109: https://en.wikipedia.org/wiki/2026_FIFA_World_Cup_Group_D
A110: M-2026-025 | B110: 2026 | C110: Fase de grupos | D110: E | E110: 1 | F110: 46187 | G110: Germany | H110: Curacao | I110: 7 | J110: 1 | K110: =IF(OR(I110="",J110=""),"",I110&"-"&J110) -> 7-1 | L110: =IF(OR(I110="",J110=""),"",IF(I110>J110,"Gana",IF(I110=J110,"Empata","Pierde"))) -> Gana | M110: =FALSE() -> FALSE | N110: =FALSE() -> FALSE | O110: =IF(OR(I110="",J110=""),"",I110+J110) -> 8 | P110: =IF(OR(I110="",J110=""),"",I110-J110) -> 6 | Q110: =IF(L110="","",IF(L110="Gana",3,IF(L110="Empata",1,0))) -> 3 | R110: =IF(L110="","",IF(L110="Pierde",3,IF(L110="Empata",1,0))) -> 0 | S110: https://en.wikipedia.org/wiki/2026_FIFA_World_Cup_Group_E
A111: M-2026-026 | B111: 2026 | C111: Fase de grupos | D111: E | E111: 1 | F111: 46187 | G111: Ivory Coast | H111: Ecuador | I111: 1 | J111: 0 | K111: =IF(OR(I111="",J111=""),"",I111&"-"&J111) -> 1-0 | L111: =IF(OR(I111="",J111=""),"",IF(I111>J111,"Gana",IF(I111=J111,"Empata","Pierde"))) -> Gana | M111: =FALSE() -> FALSE | N111: =FALSE() -> FALSE | O111: =IF(OR(I111="",J111=""),"",I111+J111) -> 1 | P111: =IF(OR(I111="",J111=""),"",I111-J111) -> 1 | Q111: =IF(L111="","",IF(L111="Gana",3,IF(L111="Empata",1,0))) -> 3 | R111: =IF(L111="","",IF(L111="Pierde",3,IF(L111="Empata",1,0))) -> 0 | S111: https://en.wikipedia.org/wiki/2026_FIFA_World_Cup_Group_E
A112: M-2026-031 | B112: 2026 | C112: Fase de grupos | D112: F | E112: 1 | F112: 46187 | G112: Netherlands | H112: Japan | I112: 2 | J112: 2 | K112: =IF(OR(I112="",J112=""),"",I112&"-"&J112) -> 2-2 | L112: =IF(OR(I112="",J112=""),"",IF(I112>J112,"Gana",IF(I112=J112,"Empata","Pierde"))) -> Empata | M112: =FALSE() -> FALSE | N112: =FALSE() -> FALSE | O112: =IF(OR(I112="",J112=""),"",I112+J112) -> 4 | P112: =IF(OR(I112="",J112=""),"",I112-J112) -> 0 | Q112: =IF(L112="","",IF(L112="Gana",3,IF(L112="Empata",1,0))) -> 1 | R112: =IF(L112="","",IF(L112="Pierde",3,IF(L112="Empata",1,0))) -> 1 | S112: https://en.wikipedia.org/wiki/2026_FIFA_World_Cup_Group_F
...

Sheet 08_Comparacion
A1: Comparación de los tres Mundiales
A2: Completa primero la base limpia. Los indicadores se recalculan a partir de la hoja 07_Base_Limpia.
A5: Mundial | B5: Partidos | C5: Goles | D5: Goles/partido | E5: Empates | F5: % empates | G5: Partidos anfitrión | H5: Victorias anfitrión | I5: % victoria anfitrión | J5: % partidos > 2.5
A6: 2018 | B6: =COUNTIF('07_Base_Limpia'!$B$6:$B$505,$A6) -> 48 | C6: =SUMIF('07_Base_Limpia'!$B$6:$B$505,$A6,'07_Base_Limpia'!$O$6:$O$505) -> 122 | D6: =IFERROR(C6/B6,0) -> 2.5416667 | E6: =COUNTIFS('07_Base_Limpia'!$B$6:$B$505,$A6,'07_Base_Limpia'!$L$6:$L$505,"Empata") -> 9 | F6: =IFERROR(E6/B6,0) -> 0.1875 | G6: =COUNTIFS('07_Base_Limpia'!$B$6:$B$505,$A6,'07_Base_Limpia'!$M$6:$M$505,TRUE())+COUNTIFS('07_Base_Limpia'!$B$6:$B$505,$A6,'07_Base_Limpia'!$N$6:$N$505,TRUE()) -> 3 | H6: =COUNTIFS('07_Base_Limpia'!$B$6:$B$505,$A6,'07_Base_Limpia'!$M$6:$M$505,TRUE(),'07_Base_Limpia'!$L$6:$L$505,"Gana")+COUNTIFS('07_Base_Limpia'!$B$6:$B$505,$A6,'07_Base_Limpia'!$N$6:$N$505,TRUE(),'07_Base_Limpia'!$L$6:$L$505,"Pierde") -> 2 | I6: =IFERROR(H6/G6,0) -> 0.66666667 | J6: =IFERROR(COUNTIFS('07_Base_Limpia'!$B$6:$B$505,$A6,'07_Base_Limpia'!$O$6:$O$505,">2")/B6,0) -> 0.5
A7: 2022 | B7: =COUNTIF('07_Base_Limpia'!$B$6:$B$505,$A7) -> 48 | C7: =SUMIF('07_Base_Limpia'!$B$6:$B$505,$A7,'07_Base_Limpia'!$O$6:$O$505) -> 120 | D7: =IFERROR(C7/B7,0) -> 2.5 | E7: =COUNTIFS('07_Base_Limpia'!$B$6:$B$505,$A7,'07_Base_Limpia'!$L$6:$L$505,"Empata") -> 10 | F7: =IFERROR(E7/B7,0) -> 0.20833333 | G7: =COUNTIFS('07_Base_Limpia'!$B$6:$B$505,$A7,'07_Base_Limpia'!$M$6:$M$505,TRUE())+COUNTIFS('07_Base_Limpia'!$B$6:$B$505,$A7,'07_Base_Limpia'!$N$6:$N$505,TRUE()) -> 3 | H7: =COUNTIFS('07_Base_Limpia'!$B$6:$B$505,$A7,'07_Base_Limpia'!$M$6:$M$505,TRUE(),'07_Base_Limpia'!$L$6:$L$505,"Gana")+COUNTIFS('07_Base_Limpia'!$B$6:$B$505,$A7,'07_Base_Limpia'!$N$6:$N$505,TRUE(),'07_Base_Limpia'!$L$6:$L$505,"Pierde") -> 0 | I7: =IFERROR(H7/G7,0) -> 0 | J7: =IFERROR(COUNTIFS('07_Base_Limpia'!$B$6:$B$505,$A7,'07_Base_Limpia'!$O$6:$O$505,">2")/B7,0) -> 0.39583333
A8: 2026 | B8: =COUNTIF('07_Base_Limpia'!$B$6:$B$505,$A8) -> 72 | C8: =SUMIF('07_Base_Limpia'!$B$6:$B$505,$A8,'07_Base_Limpia'!$O$6:$O$505) -> 215 | D8: =IFERROR(C8/B8,0) -> 2.9861111 | E8: =COUNTIFS('07_Base_Limpia'!$B$6:$B$505,$A8,'07_Base_Limpia'!$L$6:$L$505,"Empata") -> 20 | F8: =IFERROR(E8/B8,0) -> 0.27777778 | G8: =COUNTIFS('07_Base_Limpia'!$B$6:$B$505,$A8,'07_Base_Limpia'!$M$6:$M$505,TRUE())+COUNTIFS('07_Base_Limpia'!$B$6:$B$505,$A8,'07_Base_Limpia'!$N$6:$N$505,TRUE()) -> 9 | H8: =COUNTIFS('07_Base_Limpia'!$B$6:$B$505,$A8,'07_Base_Limpia'!$M$6:$M$505,TRUE(),'07_Base_Limpia'!$L$6:$L$505,"Gana")+COUNTIFS('07_Base_Limpia'!$B$6:$B$505,$A8,'07_Base_Limpia'!$N$6:$N$505,TRUE(),'07_Base_Limpia'!$L$6:$L$505,"Pierde") -> 6 | I8: =IFERROR(H8/G8,0) -> 0.66666667 | J8: =IFERROR(COUNTIFS('07_Base_Limpia'!$B$6:$B$505,$A8,'07_Base_Limpia'!$O$6:$O$505,">2")/B8,0) -> 0.55555556
A12: Preguntas para interpretar, no solo calcular
A13: • ¿Qué conclusión cambia al pasar de goles totales a goles por partido? En totales, 2026 parece "explotar" con 215 goles vs 122/120. Pero en goles por partido la diferencia se reduce mucho (2.99 vs 2.54 vs 2.50): 2026 no es un torneo dramáticamente más ofensivo, solo tiene más partidos. • ¿Por qué el porcentaje de empates es más comparable que el número de empates? 2026 tiene 20 empates contra 9 y 10 de 2018/2022, pero eso es sobre 72 partidos vs 48. En porcentaje: 27.78% (2026) vs 18.75% (2018) vs 20.83% (2022): la diferencia real es más moderada que la que sugieren los totales. • ¿La condición de anfitrión parece asociarse con más victorias? ¿Esto prueba causalidad? En 2026 los anfitriones (México/EE.UU./Canadá) ganaron 6 de 9 partidos como local u anfitrión (66.7%). En 2018 fueron 2/3 (66.7%): Rusia ganó sus dos primeros partidos como local y perdió el tercero (0-3 vs Uruguay) jugando de visitante y en 2022 (Qatar) 0/2 (0%). La muestra es demasiado pequeña por torneo para concluir causalidad; podría deberse a factores de fondo (nivel del equipo, clasificación directa) y no al hecho de jugar en casa. • ¿Qué transformaciones podrían alterar artificialmente estos indicadores? Rellenar goles faltantes con 0 en vez de usar el marcador, no eliminar duplicados antes de sumar goles, o clasificar mal el "anfitrión" (por ejemplo dejar visitante_es_anfitrion en FALSE por defecto en los tres mundiales) inflaría o desinflaría estos porcentajes sin que sea un patrón real.
A18: Distribución de resultados del local por mundial
A19: Mundial | B19: Gana local | C19: Empata | D19: Pierde Local
A20: 2018 | B20: =COUNTIFS('07_Base_Limpia'!$B$6:$B$505,A20,'07_Base_Limpia'!$L$6:$L$505,"Gana") -> 17 | C20: =COUNTIFS('07_Base_Limpia'!$B$6:$B$505,A20,'07_Base_Limpia'!$L$6:$L$505,"Empata") -> 9 | D20: =COUNTIFS('07_Base_Limpia'!$B$6:$B$505,A20,'07_Base_Limpia'!$L$6:$L$505,"Pierde") -> 22
A21: 2022 | B21: =COUNTIFS('07_Base_Limpia'!$B$6:$B$505,A21,'07_Base_Limpia'!$L$6:$L$505,"Gana") -> 19 | C21: =COUNTIFS('07_Base_Limpia'!$B$6:$B$505,A21,'07_Base_Limpia'!$L$6:$L$505,"Empata") -> 10 | D21: =COUNTIFS('07_Base_Limpia'!$B$6:$B$505,A21,'07_Base_Limpia'!$L$6:$L$505,"Pierde") -> 19
A22: 2026 | B22: =COUNTIFS('07_Base_Limpia'!$B$6:$B$505,A22,'07_Base_Limpia'!$L$6:$L$505,"Gana") -> 34 | C22: =COUNTIFS('07_Base_Limpia'!$B$6:$B$505,A22,'07_Base_Limpia'!$L$6:$L$505,"Empata") -> 20 | D22: =COUNTIFS('07_Base_Limpia'!$B$6:$B$505,A22,'07_Base_Limpia'!$L$6:$L$505,"Pierde") -> 18
A25: Equipo con mejor diferencia de goles por Mundial (fase de grupos)
A26: Mundial | B26: Mejor DG | C26: Equipo
A27: 2018 | B27: 7 | C27: Belgium
A28: 2022 | B28: 7 | C28: England
A29: 2026 | B29: 8 | C29: France

Sheet 09_Supervisado
A1: Entrada al análisis supervisado
A2: El modelo aprende con ejemplos que ya tienen una etiqueta. Aquí la etiqueta será el resultado del equipo local.
A5: Tipo | B5: Variable | C5: Ejemplo | D5: Por qué
A6: Variable objetivo | B6: resultado_local | C6: Gana / Empata / Pierde | D6: Es lo que el modelo intentará predecir.
A7: Predictor válido | B7: jornada | C7: 1, 2 o 3 | D7: Se conoce antes del partido.
A8: Predictor válido | B8: puntos promedio previos | C8: 0.0 a 3.0 | D8: Debe calcularse solo con partidos anteriores.
A9: Predictor válido | B9: diferencia promedio previa | C9: Número real | D9: Resume rendimiento previo.
A10: Predictor válido | B10: condición de anfitrión | C10: TRUE / FALSE | D10: Se conoce antes del partido.
A11: Fuga de información | B11: goles_local | C11: Resultado final | D11: No puede utilizarse para pronosticar el mismo partido.
A12: Fuga de información | B12: diferencia_goles | C12: Resultado final | D12: Codifica directamente la clase objetivo.
A15: Flujo del experimento
A16: Paso | B16: Acción
A17: 1 | B17: Ordenar cada torneo por fecha.
A18: 2 | B18: Calcular estadísticas acumuladas antes de cada partido.
A19: 3 | B19: Entrenar con 2018 y 2022.
A20: 4 | B20: Evaluar con 2026 sin mezclar los torneos.
A21: 5 | B21: Comparar contra la clase más frecuente.
A22: 6 | B22: Revisar la matriz de confusión.
A23: 7 | B23: Agregar variables con fuga y explicar por qué el resultado deja de ser válido.
A26: La meta no es construir un pronosticador profesional. El ejercicio introduce variables predictoras, variable objetivo, separación entrenamiento/prueba, línea base, matriz de confusión y fuga de información. Una precisión perfecta puede ser una señal de que el modelo recibió información que no debería conocer.

Sheet 10_Tabla_Equipos
A1: Tabla de posiciones por equipo (derivada de 07_Base_Limpia)
A2: Bloque de apariciones (cada partido genera 2 filas: local y visitante) + resumen por equipo y mundial, calculado 100% con fórmulas.
A5: mundial | B5: equipo | C5: rival | D5: condicion | E5: GF | F5: GC | G5: DG | H5: resultado | I5: puntos
A6: ='07_Base_Limpia'!B6 -> 2018 | B6: ='07_Base_Limpia'!G6 -> Russia | C6: ='07_Base_Limpia'!H6 -> Saudi Arabia | D6: Local | E6: ='07_Base_Limpia'!I6 -> 5 | F6: ='07_Base_Limpia'!J6 -> 0 | G6: =E6-F6 -> 5 | H6: ='07_Base_Limpia'!L6 -> Gana | I6: =IF(H6="Gana",3,IF(H6="Empata",1,0)) -> 3
A7: ='07_Base_Limpia'!B7 -> 2018 | B7: ='07_Base_Limpia'!G7 -> Egypt | C7: ='07_Base_Limpia'!H7 -> Uruguay | D7: Local | E7: ='07_Base_Limpia'!I7 -> 0 | F7: ='07_Base_Limpia'!J7 -> 1 | G7: =E7-F7 -> -1 | H7: ='07_Base_Limpia'!L7 -> Pierde | I7: =IF(H7="Gana",3,IF(H7="Empata",1,0)) -> 0
A8: ='07_Base_Limpia'!B8 -> 2018 | B8: ='07_Base_Limpia'!G8 -> Morocco | C8: ='07_Base_Limpia'!H8 -> Iran | D8: Local | E8: ='07_Base_Limpia'!I8 -> 0 | F8: ='07_Base_Limpia'!J8 -> 1 | G8: =E8-F8 -> -1 | H8: ='07_Base_Limpia'!L8 -> Pierde | I8: =IF(H8="Gana",3,IF(H8="Empata",1,0)) -> 0
A9: ='07_Base_Limpia'!B9 -> 2018 | B9: ='07_Base_Limpia'!G9 -> Portugal | C9: ='07_Base_Limpia'!H9 -> Spain | D9: Local | E9: ='07_Base_Limpia'!I9 -> 3 | F9: ='07_Base_Limpia'!J9 -> 3 | G9: =E9-F9 -> 0 | H9: ='07_Base_Limpia'!L9 -> Empata | I9: =IF(H9="Gana",3,IF(H9="Empata",1,0)) -> 1
A10: ='07_Base_Limpia'!B10 -> 2018 | B10: ='07_Base_Limpia'!G10 -> France | C10: ='07_Base_Limpia'!H10 -> Australia | D10: Local | E10: ='07_Base_Limpia'!I10 -> 2 | F10: ='07_Base_Limpia'!J10 -> 1 | G10: =E10-F10 -> 1 | H10: ='07_Base_Limpia'!L10 -> Gana | I10: =IF(H10="Gana",3,IF(H10="Empata",1,0)) -> 3
A11: ='07_Base_Limpia'!B11 -> 2018 | B11: ='07_Base_Limpia'!G11 -> Argentina | C11: ='07_Base_Limpia'!H11 -> Iceland | D11: Local | E11: ='07_Base_Limpia'!I11 -> 1 | F11: ='07_Base_Limpia'!J11 -> 1 | G11: =E11-F11 -> 0 | H11: ='07_Base_Limpia'!L11 -> Empata | I11: =IF(H11="Gana",3,IF(H11="Empata",1,0)) -> 1
A12: ='07_Base_Limpia'!B12 -> 2018 | B12: ='07_Base_Limpia'!G12 -> Peru | C12: ='07_Base_Limpia'!H12 -> Denmark | D12: Local | E12: ='07_Base_Limpia'!I12 -> 0 | F12: ='07_Base_Limpia'!J12 -> 1 | G12: =E12-F12 -> -1 | H12: ='07_Base_Limpia'!L12 -> Pierde | I12: =IF(H12="Gana",3,IF(H12="Empata",1,0)) -> 0
A13: ='07_Base_Limpia'!B13 -> 2018 | B13: ='07_Base_Limpia'!G13 -> Croatia | C13: ='07_Base_Limpia'!H13 -> Nigeria | D13: Local | E13: ='07_Base_Limpia'!I13 -> 2 | F13: ='07_Base_Limpia'!J13 -> 0 | G13: =E13-F13 -> 2 | H13: ='07_Base_Limpia'!L13 -> Gana | I13: =IF(H13="Gana",3,IF(H13="Empata",1,0)) -> 3
A14: ='07_Base_Limpia'!B14 -> 2018 | B14: ='07_Base_Limpia'!G14 -> Costa Rica | C14: ='07_Base_Limpia'!H14 -> Serbia | D14: Local | E14: ='07_Base_Limpia'!I14 -> 0 | F14: ='07_Base_Limpia'!J14 -> 1 | G14: =E14-F14 -> -1 | H14: ='07_Base_Limpia'!L14 -> Pierde | I14: =IF(H14="Gana",3,IF(H14="Empata",1,0)) -> 0
A15: ='07_Base_Limpia'!B15 -> 2018 | B15: ='07_Base_Limpia'!G15 -> Germany | C15: ='07_Base_Limpia'!H15 -> Mexico | D15: Local | E15: ='07_Base_Limpia'!I15 -> 0 | F15: ='07_Base_Limpia'!J15 -> 1 | G15: =E15-F15 -> -1 | H15: ='07_Base_Limpia'!L15 -> Pierde | I15: =IF(H15="Gana",3,IF(H15="Empata",1,0)) -> 0
A16: ='07_Base_Limpia'!B16 -> 2018 | B16: ='07_Base_Limpia'!G16 -> Brazil | C16: ='07_Base_Limpia'!H16 -> Switzerland | D16: Local | E16: ='07_Base_Limpia'!I16 -> 1 | F16: ='07_Base_Limpia'!J16 -> 1 | G16: =E16-F16 -> 0 | H16: ='07_Base_Limpia'!L16 -> Empata | I16: =IF(H16="Gana",3,IF(H16="Empata",1,0)) -> 1
A17: ='07_Base_Limpia'!B17 -> 2018 | B17: ='07_Base_Limpia'!G17 -> Sweden | C17: ='07_Base_Limpia'!H17 -> South Korea | D17: Local | E17: ='07_Base_Limpia'!I17 -> 1 | F17: ='07_Base_Limpia'!J17 -> 0 | G17: =E17-F17 -> 1 | H17: ='07_Base_Limpia'!L17 -> Gana | I17: =IF(H17="Gana",3,IF(H17="Empata",1,0)) -> 3
... A173: ='07_Base_Limpia'!B173 -> 2026 | B173: ='07_Base_Limpia'!G173 -> Croatia | C173: ='07_Base_Limpia'!H173 -> Ghana | D173: Local | E173: ='07_Base_Limpia'!I173 -> 2 | F173: ='07_Base_Limpia'!J173 -> 1 | G173: =E173-F173 -> 1 | H173: ='07_Base_Limpia'!L173 -> Gana | I173: =IF(H173="Gana",3,IF(H173="Empata",1,0)) -> 3
A174: ='07_Base_Limpia'!B6 -> 2018 | B174: ='07_Base_Limpia'!H6 -> Saudi Arabia | C174: ='07_Base_Limpia'!G6 -> Russia | D174: Visitante | E174: ='07_Base_Limpia'!J6 -> 0 | F174: ='07_Base_Limpia'!I6 -> 5 | G174: =E174-F174 -> -5 | H174: =IF('07_Base_Limpia'!L6="Gana","Pierde",IF('07_Base_Limpia'!L6="Empata","Empata","Gana")) -> Pierde | I174: =IF(H174="Gana",3,IF(H174="Empata",1,0)) -> 0
A175: ='07_Base_Limpia'!B7 -> 2018 | B175: ='07_Base_Limpia'!H7 -> Uruguay | C175: ='07_Base_Limpia'!G7 -> Egypt | D175: Visitante | E175: ='07_Base_Limpia'!J7 -> 1 | F175: ='07_Base_Limpia'!I7 -> 0 | G175: =E175-F175 -> 1 | H175: =IF('07_Base_Limpia'!L7="Gana","Pierde",IF('07_Base_Limpia'!L7="Empata","Empata","Gana")) -> Gana | I175: =IF(H175="Gana",3,IF(H175="Empata",1,0)) -> 3
A176: ='07_Base_Limpia'!B8 -> 2018 | B176: ='07_Base_Limpia'!H8 -> Iran | C176: ='07_Base_Limpia'!G8 -> Morocco | D176: Visitante | E176: ='07_Base_Limpia'!J8 -> 1 | F176: ='07_Base_Limpia'!I8 -> 0 | G176: =E176-F176 -> 1 | H176: =IF('07_Base_Limpia'!L8="Gana","Pierde",IF('07_Base_Limpia'!L8="Empata","Empata","Gana")) -> Gana | I176: =IF(H176="Gana",3,IF(H176="Empata",1,0)) -> 3
A177: ='07_Base_Limpia'!B9 -> 2018 | B177: ='07_Base_Limpia'!H9 -> Spain | C177: ='07_Base_Limpia'!G9 -> Portugal | D177: Visitante | E177: ='07_Base_Limpia'!J9 -> 3 | F177: ='07_Base_Limpia'!I9 -> 3 | G177: =E177-F177 -> 0 | H177: =IF('07_Base_Limpia'!L9="Gana","Pierde",IF('07_Base_Limpia'!L9="Empata","Empata","Gana")) -> Empata | I177: =IF(H177="Gana",3,IF(H177="Empata",1,0)) -> 1
A178: ='07_Base_Limpia'!B10 -> 2018 | B178: ='07_Base_Limpia'!H10 -> Australia | C178: ='07_Base_Limpia'!G10 -> France | D178: Visitante | E178: ='07_Base_Limpia'!J10 -> 1 | F178: ='07_Base_Limpia'!I10 -> 2 | G178: =E178-F178 -> -1 | H178: =IF('07_Base_Limpia'!L10="Gana","Pierde",IF('07_Base_Limpia'!L10="Empata","Empata","Gana")) -> Pierde | I178: =IF(H178="Gana",3,IF(H178="Empata",1,0)) -> 0
A179: ='07_Base_Limpia'!B11 -> 2018 | B179: ='07_Base_Limpia'!H11 -> Iceland | C179: ='07_Base_Limpia'!G11 -> Argentina | D179: Visitante | E179: ='07_Base_Limpia'!J11 -> 1 | F179: ='07_Base_Limpia'!I11 -> 1 | G179: =E179-F179 -> 0 | H179: =IF('07_Base_Limpia'!L11="Gana","Pierde",IF('07_Base_Limpia'!L11="Empata","Empata","Gana")) -> Empata | I179: =IF(H179="Gana",3,IF(H179="Empata",1,0)) -> 1
A180: ='07_Base_Limpia'!B12 -> 2018 | B180: ='07_Base_Limpia'!H12 -> Denmark | C180: ='07_Base_Limpia'!G12 -> Peru | D180: Visitante | E180: ='07_Base_Limpia'!J12 -> 1 | F180: ='07_Base_Limpia'!I12 -> 0 | G180: =E180-F180 -> 1 | H180: =IF('07_Base_Limpia'!L12="Gana","Pierde",IF('07_Base_Limpia'!L12="Empata","Empata","Gana")) -> Gana | I180: =IF(H180="Gana",3,IF(H180="Empata",1,0)) -> 3
A181: ='07_Base_Limpia'!B13 -> 2018 | B181: ='07_Base_Limpia'!H13 -> Nigeria | C181: ='07_Base_Limpia'!G13 -> Croatia | D181: Visitante | E181: ='07_Base_Limpia'!J13 -> 0 | F181: ='07_Base_Limpia'!I13 -> 2 | G181: =E181-F181 -> -2 | H181: =IF('07_Base_Limpia'!L13="Gana","Pierde",IF('07_Base_Limpia'!L13="Empata","Empata","Gana")) -> Pierde | I181: =IF(H181="Gana",3,IF(H181="Empata",1,0)) -> 0
A182: ='07_Base_Limpia'!B14 -> 2018 | B182: ='07_Base_Limpia'!H14 -> Serbia | C182: ='07_Base_Limpia'!G14 -> Costa Rica | D182: Visitante | E182: ='07_Base_Limpia'!J14 -> 1 | F182: ='07_Base_Limpia'!I14 -> 0 | G182: =E182-F182 -> 1 | H182: =IF('07_Base_Limpia'!L14="Gana","Pierde",IF('07_Base_Limpia'!L14="Empata","Empata","Gana")) -> Gana | I182: =IF(H182="Gana",3,IF(H182="Empata",1,0)) -> 3
A183: ='07_Base_Limpia'!B15 -> 2018 | B183: ='07_Base_Limpia'!H15 -> Mexico | C183: ='07_Base_Limpia'!G15 -> Germany | D183: Visitante | E183: ='07_Base_Limpia'!J15 -> 1 | F183: ='07_Base_Limpia'!I15 -> 0 | G183: =E183-F183 -> 1 | H183: =IF('07_Base_Limpia'!L15="Gana","Pierde",IF('07_Base_Limpia'!L15="Empata","Empata","Gana")) -> Gana | I183: =IF(H183="Gana",3,IF(H183="Empata",1,0)) -> 3
A184: ='07_Base_Limpia'!B16 -> 2018 | B184: ='07_Base_Limpia'!H16 -> Switzerland | C184: ='07_Base_Limpia'!G16 -> Brazil | D184: Visitante | E184: ='07_Base_Limpia'!J16 -> 1 | F184: ='07_Base_Limpia'!I16 -> 1 | G184: =E184-F184 -> 0 | H184: =IF('07_Base_Limpia'!L16="Gana","Pierde",IF('07_Base_Limpia'!L16="Empata","Empata","Gana")) -> Empata | I184: =IF(H184="Gana",3,IF(H184="Empata",1,0)) -> 1
A185: ='07_Base_Limpia'!B17 -> 2018 | B185: ='07_Base_Limpia'!H17 -> South Korea | C185: ='07_Base_Limpia'!G17 -> Sweden | D185: Visitante | E185: ='07_Base_Limpia'!J17 -> 0 | F185: ='07_Base_Limpia'!I17 -> 1 | G185: =E185-F185 -> -1 | H185: =IF('07_Base_Limpia'!L17="Gana","Pierde",IF('07_Base_Limpia'!L17="Empata","Empata","Gana")) -> Pierde | I185: =IF(H185="Gana",3,IF(H185="Empata",1,0)) -> 0
... A341: ='07_Base_Limpia'!B173 -> 2026 | B341: ='07_Base_Limpia'!H173 -> Ghana | C341: ='07_Base_Limpia'!G173 -> Croatia | D341: Visitante | E341: ='07_Base_Limpia'!J173 -> 1 | F341: ='07_Base_Limpia'!I173 -> 2 | G341: =E341-F341 -> -1 | H341: =IF('07_Base_Limpia'!L173="Gana","Pierde",IF('07_Base_Limpia'!L173="Empata","Empata","Gana")) -> Pierde | I341: =IF(H341="Gana",3,IF(H341="Empata",1,0)) -> 0
A344: Resumen por equipo (todo calculado con SUMIFS/COUNTIFS sobre el bloque de apariciones)
A345: mundial | B345: equipo | C345: PJ | D345: PG | E345: PE | F345: PP | G345: GF | H345: GC | I345: DG | J345: PTS | K345: clave_DG
A346: 2018 | B346: Argentina | C346: =COUNTIFS($A$6:$A$341,$A346,$B$6:$B$341,$B346) -> 3 | D346: =COUNTIFS($A$6:$A$341,$A346,$B$6:$B$341,$B346,$H$6:$H$341,"Gana") -> 1 | E346: =COUNTIFS($A$6:$A$341,$A346,$B$6:$B$341,$B346,$H$6:$H$341,"Empata") -> 1 | F346: =COUNTIFS($A$6:$A$341,$A346,$B$6:$B$341,$B346,$H$6:$H$341,"Pierde") -> 1 | G346: =SUMIFS($E$6:$E$341,$A$6:$A$341,$A346,$B$6:$B$341,$B346) -> 3 | H346: =SUMIFS($F$6:$F$341,$A$6:$A$341,$A346,$B$6:$B$341,$B346) -> 5 | I346: =G346-H346 -> -2 | J346: =SUMIFS($I$6:$I$341,$A$6:$A$341,$A346,$B$6:$B$341,$B346) -> 4 | K346: =$A346&"|"&$I346 -> 2018|-2
A347: 2018 | B347: Australia | C347: =COUNTIFS($A$6:$A$341,$A347,$B$6:$B$341,$B347) -> 3 | D347: =COUNTIFS($A$6:$A$341,$A347,$B$6:$B$341,$B347,$H$6:$H$341,"Gana") -> 0 | E347: =COUNTIFS($A$6:$A$341,$A347,$B$6:$B$341,$B347,$H$6:$H$341,"Empata") -> 1 | F347: =COUNTIFS($A$6:$A$341,$A347,$B$6:$B$341,$B347,$H$6:$H$341,"Pierde") -> 2 | G347: =SUMIFS($E$6:$E$341,$A$6:$A$341,$A347,$B$6:$B$341,$B347) -> 2 | H347: =SUMIFS($F$6:$F$341,$A$6:$A$341,$A347,$B$6:$B$341,$B347) -> 5 | I347: =G347-H347 -> -3 | J347: =SUMIFS($I$6:$I$341,$A$6:$A$341,$A347,$B$6:$B$341,$B347) -> 1 | K347: =$A347&"|"&$I347 -> 2018|-3
A348: 2018 | B348: Belgium | C348: =COUNTIFS($A$6:$A$341,$A348,$B$6:$B$341,$B348) -> 3 | D348: =COUNTIFS($A$6:$A$341,$A348,$B$6:$B$341,$B348,$H$6:$H$341,"Gana") -> 3 | E348: =COUNTIFS($A$6:$A$341,$A348,$B$6:$B$341,$B348,$H$6:$H$341,"Empata") -> 0 | F348: =COUNTIFS($A$6:$A$341,$A348,$B$6:$B$341,$B348,$H$6:$H$341,"Pierde") -> 0 | G348: =SUMIFS($E$6:$E$341,$A$6:$A$341,$A348,$B$6:$B$341,$B348) -> 9 | H348: =SUMIFS($F$6:$F$341,$A$6:$A$341,$A348,$B$6:$B$341,$B348) -> 2 | I348: =G348-H348 -> 7 | J348: =SUMIFS($I$6:$I$341,$A$6:$A$341,$A348,$B$6:$B$341,$B348) -> 9 | K348: =$A348&"|"&$I348 -> 2018|7
A349: 2018 | B349: Brazil | C349: =COUNTIFS($A$6:$A$341,$A349,$B$6:$B$341,$B349) -> 3 | D349: =COUNTIFS($A$6:$A$341,$A349,$B$6:$B$341,$B349,$H$6:$H$341,"Gana") -> 2 | E349: =COUNTIFS($A$6:$A$341,$A349,$B$6:$B$341,$B349,$H$6:$H$341,"Empata") -> 1 | F349: =COUNTIFS($A$6:$A$341,$A349,$B$6:$B$341,$B349,$H$6:$H$341,"Pierde") -> 0 | G349: =SUMIFS($E$6:$E$341,$A$6:$A$341,$A349,$B$6:$B$341,$B349) -> 5 | H349: =SUMIFS($F$6:$F$341,$A$6:$A$341,$A349,$B$6:$B$341,$B349) -> 1 | I349: =G349-H349 -> 4 | J349: =SUMIFS($I$6:$I$341,$A$6:$A$341,$A349,$B$6:$B$341,$B349) -> 7 | K349: =$A349&"|"&$I349 -> 2018|4
A350: 2018 | B350: Colombia | C350: =COUNTIFS($A$6:$A$341,$A350,$B$6:$B$341,$B350) -> 3 | D350: =COUNTIFS($A$6:$A$341,$A350,$B$6:$B$341,$B350,$H$6:$H$341,"Gana") -> 2 | E350: =COUNTIFS($A$6:$A$341,$A350,$B$6:$B$341,$B350,$H$6:$H$341,"Empata") -> 0 | F350: =COUNTIFS($A$6:$A$341,$A350,$B$6:$B$341,$B350,$H$6:$H$341,"Pierde") -> 1 | G350: =SUMIFS($E$6:$E$341,$A$6:$A$341,$A350,$B$6:$B$341,$B350) -> 5 | H350: =SUMIFS($F$6:$F$341,$A$6:$A$341,$A350,$B$6:$B$341,$B350) -> 2 | I350: =G350-H350 -> 3 | J350: =SUMIFS($I$6:$I$341,$A$6:$A$341,$A350,$B$6:$B$341,$B350) -> 6 | K350: =$A350&"|"&$I350 -> 2018|3
A351: 2018 | B351: Costa Rica | C351: =COUNTIFS($A$6:$A$341,$A351,$B$6:$B$341,$B351) -> 3 | D351: =COUNTIFS($A$6:$A$341,$A351,$B$6:$B$341,$B351,$H$6:$H$341,"Gana") -> 0 | E351: =COUNTIFS($A$6:$A$341,$A351,$B$6:$B$341,$B351,$H$6:$H$341,"Empata") -> 1 | F351: =COUNTIFS($A$6:$A$341,$A351,$B$6:$B$341,$B351,$H$6:$H$341,"Pierde") -> 2 | G351: =SUMIFS($E$6:$E$341,$A$6:$A$341,$A351,$B$6:$B$341,$B351) -> 2 | H351: =SUMIFS($F$6:$F$341,$A$6:$A$341,$A351,$B$6:$B$341,$B351) -> 5 | I351: =G351-H351 -> -3 | J351: =SUMIFS($I$6:$I$341,$A$6:$A$341,$A351,$B$6:$B$341,$B351) -> 1 | K351: =$A351&"|"&$I351 -> 2018|-3
A352: 2018 | B352: Croatia | C352: =COUNTIFS($A$6:$A$341,$A352,$B$6:$B$341,$B352) -> 3 | D352: =COUNTIFS($A$6:$A$341,$A352,$B$6:$B$341,$B352,$H$6:$H$341,"Gana") -> 3 | E352: =COUNTIFS($A$6:$A$341,$A352,$B$6:$B$341,$B352,$H$6:$H$341,"Empata") -> 0 | F352: =COUNTIFS($A$6:$A$341,$A352,$B$6:$B$341,$B352,$H$6:$H$341,"Pierde") -> 0 | G352: =SUMIFS($E$6:$E$341,$A$6:$A$341,$A352,$B$6:$B$341,$B352) -> 7 | H352: =SUMIFS($F$6:$F$341,$A$6:$A$341,$A352,$B$6:$B$341,$B352) -> 1 | I352: =G352-H352 -> 6 | J352: =SUMIFS($I$6:$I$341,$A$6:$A$341,$A352,$B$6:$B$341,$B352) -> 9 | K352: =$A352&"|"&$I352 -> 2018|6
A353: 2018 | B353: Denmark | C353: =COUNTIFS($A$6:$A$341,$A353,$B$6:$B$341,$B353) -> 3 | D353: =COUNTIFS($A$6:$A$341,$A353,$B$6:$B$341,$B353,$H$6:$H$341,"Gana") -> 1 | E353: =COUNTIFS($A$6:$A$341,$A353,$B$6:$B$341,$B353,$H$6:$H$341,"Empata") -> 2 | F353: =COUNTIFS($A$6:$A$341,$A353,$B$6:$B$341,$B353,$H$6:$H$341,"Pierde") -> 0 | G353: =SUMIFS($E$6:$E$341,$A$6:$A$341,$A353,$B$6:$B$341,$B353) -> 2 | H353: =SUMIFS($F$6:$F$341,$A$6:$A$341,$A353,$B$6:$B$341,$B353) -> 1 | I353: =G353-H353 -> 1 | J353: =SUMIFS($I$6:$I$341,$A$6:$A$341,$A353,$B$6:$B$341,$B353) -> 5 | K353: =$A353&"|"&$I353 -> 2018|1
A354: 2018 | B354: Egypt | C354: =COUNTIFS($A$6:$A$341,$A354,$B$6:$B$341,$B354) -> 3 | D354: =COUNTIFS($A$6:$A$341,$A354,$B$6:$B$341,$B354,$H$6:$H$341,"Gana") -> 0 | E354: =COUNTIFS($A$6:$A$341,$A354,$B$6:$B$341,$B354,$H$6:$H$341,"Empata") -> 0 | F354: =COUNTIFS($A$6:$A$341,$A354,$B$6:$B$341,$B354,$H$6:$H$341,"Pierde") -> 3 | G354: =SUMIFS($E$6:$E$341,$A$6:$A$341,$A354,$B$6:$B$341,$B354) -> 2 | H354: =SUMIFS($F$6:$F$341,$A$6:$A$341,$A354,$B$6:$B$341,$B354) -> 6 | I354: =G354-H354 -> -4 | J354: =SUMIFS($I$6:$I$341,$A$6:$A$341,$A354,$B$6:$B$341,$B354) -> 0 | K354: =$A354&"|"&$I354 -> 2018|-4
A355: 2018 | B355: England | C355: =COUNTIFS($A$6:$A$341,$A355,$B$6:$B$341,$B355) -> 3 | D355: =COUNTIFS($A$6:$A$341,$A355,$B$6:$B$341,$B355,$H$6:$H$341,"Gana") -> 2 | E355: =COUNTIFS($A$6:$A$341,$A355,$B$6:$B$341,$B355,$H$6:$H$341,"Empata") -> 0 | F355: =COUNTIFS($A$6:$A$341,$A355,$B$6:$B$341,$B355,$H$6:$H$341,"Pierde") -> 1 | G355: =SUMIFS($E$6:$E$341,$A$6:$A$341,$A355,$B$6:$B$341,$B355) -> 8 | H355: =SUMIFS($F$6:$F$341,$A$6:$A$341,$A355,$B$6:$B$341,$B355) -> 3 | I355: =G355-H355 -> 5 | J355: =SUMIFS($I$6:$I$341,$A$6:$A$341,$A355,$B$6:$B$341,$B355) -> 6 | K355: =$A355&"|"&$I355 -> 2018|5
A356: 2018 | B356: France | C356: =COUNTIFS($A$6:$A$341,$A356,$B$6:$B$341,$B356) -> 3 | D356: =COUNTIFS($A$6:$A$341,$A356,$B$6:$B$341,$B356,$H$6:$H$341,"Gana") -> 2 | E356: =COUNTIFS($A$6:$A$341,$A356,$B$6:$B$341,$B356,$H$6:$H$341,"Empata") -> 1 | F356: =COUNTIFS($A$6:$A$341,$A356,$B$6:$B$341,$B356,$H$6:$H$341,"Pierde") -> 0 | G356: =SUMIFS($E$6:$E$341,$A$6:$A$341,$A356,$B$6:$B$341,$B356) -> 3 | H356: =SUMIFS($F$6:$F$341,$A$6:$A$341,$A356,$B$6:$B$341,$B356) -> 1 | I356: =G356-H356 -> 2 | J356: =SUMIFS($I$6:$I$341,$A$6:$A$341,$A356,$B$6:$B$341,$B356) -> 7 | K356: =$A356&"|"&$I356 -> 2018|2
A357: 2018 | B357: Germany | C357: =COUNTIFS($A$6:$A$341,$A357,$B$6:$B$341,$B357) -> 3 | D357: =COUNTIFS($A$6:$A$341,$A357,$B$6:$B$341,$B357,$H$6:$H$341,"Gana") -> 1 | E357: =COUNTIFS($A$6:$A$341,$A357,$B$6:$B$341,$B357,$H$6:$H$341,"Empata") -> 0 | F357: =COUNTIFS($A$6:$A$341,$A357,$B$6:$B$341,$B357,$H$6:$H$341,"Pierde") -> 2 | G357: =SUMIFS($E$6:$E$341,$A$6:$A$341,$A357,$B$6:$B$341,$B357) -> 2 | H357: =SUMIFS($F$6:$F$341,$A$6:$A$341,$A357,$B$6:$B$341,$B357) -> 4 | I357: =G357-H357 -> -2 | J357: =SUMIFS($I$6:$I$341,$A$6:$A$341,$A357,$B$6:$B$341,$B357) -> 3 | K357: =$A357&"|"&$I357 -> 2018|-2
... A457: 2026 | B457: Uzbekistan | C457: =COUNTIFS($A$6:$A$341,$A457,$B$6:$B$341,$B457) -> 3 | D457: =COUNTIFS($A$6:$A$341,$A457,$B$6:$B$341,$B457,$H$6:$H$341,"Gana") -> 0 | E457: =COUNTIFS($A$6:$A$341,$A457,$B$6:$B$341,$B457,$H$6:$H$341,"Empata") -> 0 | F457: =COUNTIFS($A$6:$A$341,$A457,$B$6:$B$341,$B457,$H$6:$H$341,"Pierde") -> 3 | G457: =SUMIFS($E$6:$E$341,$A$6:$A$341,$A457,$B$6:$B$341,$B457) -> 2 | H457: =SUMIFS($F$6:$F$341,$A$6:$A$341,$A457,$B$6:$B$341,$B457) -> 11 | I457: =G457-H457 -> -9 | J457: =SUMIFS($I$6:$I$341,$A$6:$A$341,$A457,$B$6:$B$341,$B457) -> 0 | K457: =$A457&"|"&$I457 -> 2026|-9
A460: Equipo con mejor diferencia de goles por Mundial (fase de grupos)
A461: Mundial | B461: Mejor DG | C461: Equipo
A462: 2018 | B462: =SUMPRODUCT(MAX(($A$346:$A$457=A462)*$I$346:$I$457)) -> 7 | C462: =INDEX($B$346:$B$457,MATCH($A462&"|"&$B462,$K$346:$K$457,0)) -> Belgium
A463: 2022 | B463: =SUMPRODUCT(MAX(($A$346:$A$457=A463)*$I$346:$I$457)) -> 7 | C463: =INDEX($B$346:$B$457,MATCH($A463&"|"&$B463,$K$346:$K$457,0)) -> England
A464: 2026 | B464: =SUMPRODUCT(MAX(($A$346:$A$457=A464)*$I$346:$I$457)) -> 8 | C464: =INDEX($B$346:$B$457,MATCH($A464&"|"&$B464,$K$346:$K$457,0)) -> France

Sheet 11_Pruebas_QA
A1: Pruebas de verificación (QA) sobre 07_Base_Limpia
A2: Cada prueba se recalcula sola con COUNTIF/COUNTIFS/SUMPRODUCT. "OK" = la limpieza pasó la prueba.
A5: Prueba | B5: Resultado obtenido | C5: Criterio esperado | D5: Estado
A6: Total de partidos (168) | B6: =COUNTA('07_Base_Limpia'!$A$6:$A$505) -> 168 | C6: 168 | D6: =IF(B6=C6,"OK","REVISAR") -> OK
A7: Partidos 2018 (48) | B7: =COUNTIF('07_Base_Limpia'!$B$6:$B$505,2018) -> 48 | C7: 48 | D7: =IF(B7=C7,"OK","REVISAR") -> OK
A8: Partidos 2022 (48) | B8: =COUNTIF('07_Base_Limpia'!$B$6:$B$505,2022) -> 48 | C8: 48 | D8: =IF(B8=C8,"OK","REVISAR") -> OK
A9: Partidos 2026 (72) | B9: =COUNTIF('07_Base_Limpia'!$B$6:$B$505,2026) -> 72 | C9: 72 | D9: =IF(B9=C9,"OK","REVISAR") -> OK
A10: Duplicados de partido_id | B10: =SUMPRODUCT((COUNTIF('07_Base_Limpia'!$A$6:$A$505,'07_Base_Limpia'!$A$6:$A$505)>1)*1) -> 0 | C10: 0 | D10: =IF(B10=C10,"OK","REVISAR") -> OK
A11: Goles negativos (local+visitante) | B11: =SUMPRODUCT(('07_Base_Limpia'!$I$6:$I$173<0)*1)+SUMPRODUCT(('07_Base_Limpia'!$J$6:$J$173<0)*1) -> 0 | C11: 0 | D11: =IF(B11=C11,"OK","REVISAR") -> OK
A12: Nulos en equipo_local/visitante/grupo | B12: =COUNTBLANK('07_Base_Limpia'!$G$6:$G$173)+COUNTBLANK('07_Base_Limpia'!$H$6:$H$173)+COUNTBLANK('07_Base_Limpia'!$D$6:$D$173) -> 0 | C12: 0 | D12: =IF(B12=C12,"OK","REVISAR") -> OK
A13: Nulos en fecha (pendientes de fuente original) | B13: =COUNTBLANK('07_Base_Limpia'!$F$6:$F$173) -> 2 | C13: 2 | D13: =IF(B13=C13,"OK","REVISAR") -> OK
A14: Grupos fuera de A-L | B14: =SUMPRODUCT((('07_Base_Limpia'!$D$6:$D$173<"A")+('07_Base_Limpia'!$D$6:$D$173>"L"))*('07_Base_Limpia'!$D$6:$D$173<>"")) -> 0 | C14: 0 | D14: =IF(B14=C14,"OK","REVISAR") -> OK
A15: Equipos sin match en catálogo (texto 'SIN MATCH') | B15: =COUNTIF('07_Base_Limpia'!$G$6:$G$173,"SIN MATCH")+COUNTIF('07_Base_Limpia'!$H$6:$H$173,"SIN MATCH") -> 0 | C15: 0 | D15: =IF(B15=C15,"OK","REVISAR") -> OK
A16: Marcador inconsistente con goles_local-goles_visitante | B16: =SUMPRODUCT((('07_Base_Limpia'!$K$6:$K$173)<>('07_Base_Limpia'!$I$6:$I$173&"-"&'07_Base_Limpia'!$J$6:$J$173))*1) -> 0 | C16: 0 | D16: =IF(B16=C16,"OK","REVISAR") -> OK
A17: Equipos únicos 2018 (32) | B17: =SUMPRODUCT((COUNTIFS('07_Base_Limpia'!$B$6:$B$173,2018,'07_Base_Limpia'!$G$6:$G$173,'07_Base_Limpia'!$G$6:$G$173)>0)/COUNTIFS('07_Base_Limpia'!$G$6:$G$173,'07_Base_Limpia'!$G$6:$G$173)) -> 32 | C17: ≈32 | D17: =IF(ROUND(B17,0)=32,"OK","REVISAR") -> OK
A18: Partidos con anfitrión marcado, por mundial (>0 en los 3) | B18: =COUNTIF('07_Base_Limpia'!$M$6:$M$173,TRUE())+COUNTIF('07_Base_Limpia'!$N$6:$N$173,TRUE()) -> 15 | C18: >0 | D18: =IF(B18>0,"OK","REVISAR") -> OK
A20: Nota: los 2 nulos de fecha corresponden a M-2022-31 y M-2026-024, que llegan sin fecha en la fuente cruda original (no se inventó ningún valor). Es un pendiente real para que el equipo docente decida la fuente de verdad, no un error de la limpieza.
